lead_id,created_at,source,name,email,email_type,company,website,country,product,message,pages,first_response_hrs,owner,status,deal_value_usd,hidden_true_label
L-0001,2025-10-01 15:44:00,Website Contact Form,Mateo Ivanova,mateo.ivanova@freemail.example,Free,Quillmoor Money,,UAE,Payments - Virtual Accounts,We raised a seed round and plan to launch a digital savings platform for SMEs. Want to discuss infrastructure.,3,26.0,Vikram,,,Not qualified
L-0002,2025-10-01 18:24:00,Website Contact Form,Elena Berg,elena60@vanishmail.example,Disposable,,,UK,Other,"Boost your Twitter followers and Telegram members, organic fintech marketing.",1,,Unassigned,Spam,,Spam
L-0003,2025-10-01 22:14:00,Website Contact Form,Daniel Brown,daniel.brown@webmail.example,Free,Plumeridge Money,,Switzerland,Other,I am a student researching open banking for my thesis. Can you share some material?,2,1.5,Vikram,,,Unqualified
L-0004,2025-10-04 04:27:00,Chat Widget,Daniel Costa,daniel257@inboxly.example,Free,Listpeak Directory,,Singapore,KYC Verification,"Get your app listing on top review sites in 48 hours, guaranteed. Contact our listing agent.",1,10.7,Unassigned,,,Spam
L-0005,2025-10-04 15:52:00,Chat Widget,Ethan Silva,ethan460@codewhistleoutsourcing.example,Company,Codewhistle Outsourcing,https://codewhistleoutsourcing.example,India,Other,Claim your cashback reward now at the link below.,2,24.1,Unassigned,Spam,,Spam
L-0006,2025-10-05 00:17:00,Docs Signup,Chloe Tanaka,noah26@postbox.example,Disposable,,,Japan,Other,"Partnership proposal for fintech influencer marketing campaign, 500k reach.",2,99.9,Rahul,,,Spam
L-0007,2025-10-05 03:41:00,Docs Signup,Mateo Haddad,mateo.haddad@webmail.example,Free,Zellowmark Labs,,Japan,Other,Can I use your API for a personal budget tracker?,4,8.4,Vikram,,,Unqualified
L-0008,2025-10-05 07:23:00,Website Contact Form,Nadia Costa,nadia.costa@larkspindlewallet.example,Company,Larkspindle Wallet,https://larkspindlewallet.example,Turkey,Payments - Payouts,Evaluating payouts providers for our loyalty app. Can we get a demo and a cost comparison?,9,88.0,Unassigned,Lost,,Qualified+
L-0009,2025-10-05 09:02:00,Event,Mateo Okafor,mateo.okafor@freemail.example,Free,Vexmoor Labs,,Brazil,Lending - Credit Scoring,Looking for pricing on KYC verification across 5 countries. Our current vendor keeps missing checks.,3,3.6,Rahul,,,Not qualified
L-0010,2025-10-05 19:51:00,Website Contact Form,Ji-woo Brown,noah877@letterdrop.example,Disposable,,,Brazil,Payments - Card Issuing,"Boost your Twitter followers and Telegram members, organic fintech marketing.",1,,Unassigned,Spam,,Spam
L-0011,2025-10-05 21:43:00,Chat Widget,Zara Kim,zara780@letterdrop.example,Free,,,UK,KYC Verification,hi,2,,Unassigned,Spam,,Spam
L-0012,2025-10-06 18:24:00,Partner Referral,Mateo Garcia,mateo.garcia@juniperholtcommerce.example,Company,Juniperholt Commerce,https://juniperholtcommerce.example,Japan,KYC Verification,Looking for pricing on KYC verification across 5 countries. Our current vendor keeps missing checks.,3,66.2,Rahul,Open,,Not qualified
L-0013,2025-10-07 08:25:00,LinkedIn ABM,Ananya Lee,ananya.lee@webmail.example,Free,Brindlewick Pay,,Germany,Payments - Virtual Accounts,We raised a seed round and plan to launch a digital savings platform for SMEs. Want to discuss infrastructure.,2,3.0,Vikram,Open,,Not qualified
L-0014,2025-10-07 16:35:00,Event,Zara Garcia,zara.garcia@dunmarrowcapital.example,Company,Dunmarrow Capital,https://dunmarrowcapital.example,Singapore,Banking Data API,We are launching a loyalty product and need a managed card issuing setup with go-live in Q2.,11,18.9,Unassigned,Won,48000.0,Qualified+
L-0015,2025-10-09 11:27:00,LinkedIn ABM,Ravi Lee,ravi.lee@quarrytidefinance.example,Company,Quarrytide Finance,https://quarrytidefinance.example,Japan,KYC Verification,We are launching a marketplace product and need a managed card issuing setup with go-live in Q2.,10,155.4,Rahul,Lost,,Qualified+
L-0016,2025-10-09 13:10:00,LinkedIn ABM,Lucas Costa,lucas.costa@pellowinstudio.example,Company,Pellowin Studio,https://pellowinstudio.example,Brazil,Payments - Virtual Accounts,We raised a seed round and plan to launch a digital savings platform for SMEs. Want to discuss infrastructure.,12,8.9,Rahul,Lost,,Qualified+
L-0017,2025-10-09 21:49:00,Pricing Page Form,Chloe Mehta,chloe.mehta@rushbarrowpay.example,Company,Rushbarrow Pay,https://rushbarrowpay.example,UAE,Payments - Cross-Border,We are launching a loyalty product and need a managed cross-border setup with go-live in Q2.,12,13.7,Unassigned,,,Qualified+
L-0018,2025-10-09 22:17:00,Docs Signup,Lucas Garcia,lucas96@letterdrop.example,Free,,,India,KYC Verification,test,1,36.5,Neha,,,Spam
L-0019,2025-10-10 07:43:00,Event,Mei Novak,mei.novak@juniperholtsystems.example,Company,Juniperholt Systems,https://juniperholtsystems.example,Switzerland,Payments - Card Issuing,We are launching a BNPL product and need a managed card issuing setup with go-live in Q4.,12,5.9,Rahul,,,Qualified+
L-0020,2025-10-10 09:35:00,LinkedIn ABM,Noah Lee,noah.lee@plumeridgesystems.example,Company,Plumeridge Systems,https://plumeridgesystems.example,Germany,Banking Data API,Evaluating card issuing providers for our BNPL app. Can we get a demo and a cost comparison?,5,33.6,Vikram,Won,96000.0,Qualified+
L-0021,2025-10-10 13:11:00,Pricing Page Form,Zara Kim,zara.kim@plumeridgebank.example,Company,Plumeridge Bank,https://plumeridgebank.example,Nigeria,Banking Data API,"Migrating from another provider for our card program, need a quote this month.",10,6.8,Vikram,,,Qualified+
L-0022,2025-10-10 18:03:00,Pricing Page Form,Sofia Berg,sofia.berg@inboxly.example,Free,,,UAE,Banking Data API,Are you hiring fintech developers? Please share openings.,1,10.9,Neha,Unqualified,,Unqualified
L-0023,2025-10-10 18:56:00,LinkedIn ABM,Noah Garcia,noah.garcia@webmail.example,Free,Larkspindle Labs,,Brazil,Lending - Credit Scoring,We are launching a BNPL product and need a managed card issuing setup with go-live in Q4.,2,88.4,Neha,Unqualified,,Not qualified
L-0024,2025-10-13 06:55:00,Event,Yuki Chen,yuki.chen@quarrytidestudio.example,Company,Quarrytide Studio,https://quarrytidestudio.example,USA,Payments - Cross-Border,We are launching a remittance product and need a managed cross-border setup with go-live in Q2.,1,11.9,Unassigned,Open,,Not qualified
L-0025,2025-10-14 02:47:00,Chat Widget,Sofia Muller,sofia706@inboxly.example,Free,,,Germany,KYC Verification,"Boost your Twitter followers and Telegram members, organic fintech marketing.",2,,Rahul,Spam,,Spam
L-0026,2025-10-14 21:44:00,Docs Signup,Mateo Ivanova,mateo.ivanova@dunmarrowcommerce.example,Company,Dunmarrow Commerce,https://dunmarrowcommerce.example,UK,Banking Data API,"Interested in learning about fintech, where do I start?",2,9.7,Unassigned,Unqualified,,Unqualified
L-0027,2025-10-15 11:48:00,Event,Daniel Khan,daniel.khan@webmail.example,Free,Juniperholt Finance,,India,Banking Data API,Are you hiring fintech developers? Please share openings.,4,22.5,Vikram,,,Unqualified
L-0028,2025-10-15 15:18:00,Website Contact Form,Mei Chen,mei.chen@inboxly.example,Free,Orrowmere Bank,,Germany,Other,Can I use your API for a personal budget tracker?,1,23.8,Neha,Unqualified,,Unqualified
L-0029,2025-10-16 15:23:00,LinkedIn ABM,Hana Berg,hana.berg@sallowfennbank.example,Company,Sallowfenn Bank,https://sallowfennbank.example,Vietnam,Payments - Virtual Accounts,Our team is building a lending product for small businesses. Need help with sandbox setup and credit rules. Timeline 2 to 3 months.,4,1.0,Unassigned,Open,,Not qualified
L-0030,2025-10-16 18:04:00,Pricing Page Form,Marco Khan,marco.khan@wyndlefossbank.example,Company,Wyndlefoss Bank,https://wyndlefossbank.example,Turkey,KYC Verification,"Migrating from another provider for our card program, need a quote this month.",3,18.7,Unassigned,Lost,,Qualified+
L-0031,2025-10-17 07:15:00,Website Contact Form,Kenji Okafor,kenji844@rankfarrowseoagency.example,Company,Rankfarrow SEO Agency,https://rankfarrowseoagency.example,Switzerland,Payments - Card Issuing,"Exclusive investment opportunity with 300% returns, DM on telegram.",1,,Vikram,,,Spam
L-0032,2025-10-17 12:33:00,Website Contact Form,Aisha Lee,aisha.lee@nettlebriskmoney.example,Company,Nettlebrisk Money,https://nettlebriskmoney.example,India,Lending - Loan Origination,Evaluating card issuing providers for our loyalty app. Can we get a demo and a cost comparison?,2,8.1,Vikram,,,Not qualified
L-0033,2025-10-19 19:55:00,Docs Signup,Lina Mehta,lina.mehta@yarrowtunstudio.example,Company,Yarrowtun Studio,https://yarrowtunstudio.example,Nigeria,KYC Verification,"Interested in learning about fintech, where do I start?",1,13.0,Unassigned,,,Unqualified
L-0034,2025-10-20 06:47:00,Partner Referral,Grace Berg,grace.berg@dunmarrowcommerce.example,Company,Dunmarrow Commerce,https://dunmarrowcommerce.example,Japan,Payments - Virtual Accounts,Our team is building a lending product for small businesses. Need help with sandbox setup and credit rules. Timeline 2 to 3 months.,5,19.8,Vikram,Won,48000.0,Qualified+
L-0035,2025-10-20 12:39:00,Website Contact Form,Lina Rossi,lina.rossi@brindlewickcommerce.example,Company,Brindlewick Commerce,https://brindlewickcommerce.example,Canada,Payments - Card Issuing,Our team is building a lending product for small businesses. Need help with sandbox setup and credit rules. Timeline 2 to 3 months.,11,112.4,Unassigned,,,Qualified+
L-0036,2025-10-21 00:36:00,Partner Referral,Hana Khan,hana.khan@yarrowtunmoney.example,Company,Yarrowtun Money,https://yarrowtunmoney.example,Japan,Banking Data API,Looking for pricing on KYC verification across 6 countries. Our current vendor keeps missing checks.,4,2.3,Rahul,,,Qualified+
L-0037,2025-10-21 11:22:00,Chat Widget,Elena Garcia,elena.garcia@inboxly.example,Free,Brindlewick Wallet,,Germany,Payments - Payouts,We are launching a loyalty product and need a managed payouts setup with go-live in Q1.,6,14.5,Unassigned,,,Not qualified
L-0038,2025-10-21 14:22:00,Pricing Page Form,Felix Okafor,felix.okafor@webmail.example,Free,Tarnvale Commerce,,Japan,Banking Data API,"Interested in learning about fintech, where do I start?",1,0.9,Neha,Unqualified,,Unqualified
L-0039,2025-10-21 16:40:00,Event,Elena Costa,elena.costa@freemail.example,Free,Glimmerfen Studio,,Turkey,Banking Data API,"Interested in learning about fintech, where do I start?",3,32.2,Neha,,,Unqualified
L-0040,2025-10-23 01:49:00,Website Contact Form,Lucas Silva,lucas.silva@larkspindlecommerce.example,Company,Larkspindle Commerce,https://larkspindlecommerce.example,Vietnam,KYC Verification,"Migrating from another provider for our card program, need a quote this month.",6,6.8,Vikram,Unqualified,,Not qualified
L-0041,2025-10-23 06:56:00,Website Contact Form,Omar Berg,omar434@vanishmail.example,Disposable,,,Brazil,KYC Verification,hi,2,,Rahul,Spam,,Spam
L-0042,2025-10-23 14:49:00,LinkedIn ABM,Priya Rossi,priya.rossi@kestralithlabs.example,Company,Kestralith Labs,https://kestralithlabs.example,UAE,KYC Verification,Evaluating card issuing providers for our BNPL app. Can we get a demo and a cost comparison?,6,10.8,Rahul,,,Not qualified
L-0043,2025-10-24 10:19:00,Event,Sofia Sharma,sofia.sharma@quarrytidecommerce.example,Company,Quarrytide Commerce,https://quarrytidecommerce.example,India,Payments - Card Issuing,"Interested in learning about fintech, where do I start?",3,9.8,Rahul,Unqualified,,Unqualified
L-0044,2025-10-25 10:35:00,Pricing Page Form,Felix Berg,felix.berg@plumeridgewallet.example,Company,Plumeridge Wallet,https://plumeridgewallet.example,Japan,Payments - Card Issuing,Evaluating card issuing providers for our marketplace app. Can we get a demo and a cost comparison?,5,105.7,Rahul,,,Not qualified
L-0045,2025-10-25 15:24:00,Docs Signup,Mei Sharma,mei.sharma@kestralithcapital.example,Company,Kestralith Capital,https://kestralithcapital.example,Nigeria,Payments - Payouts,Evaluating payouts providers for our marketplace app. Can we get a demo and a cost comparison?,5,35.0,Unassigned,Unqualified,,Not qualified
L-0046,2025-10-27 02:03:00,Website Contact Form,Yuki Mehta,yuki354@postbox.example,Free,Rankfarrow SEO Agency,,Japan,Payments - Card Issuing,"Exclusive investment opportunity with 300% returns, DM on telegram.",2,26.5,Rahul,,,Spam
L-0047,2025-10-27 02:36:00,Website Contact Form,Felix Chen,felix.chen@freemail.example,Free,Juniperholt Pay,,Vietnam,Payments - Cross-Border,Evaluating cross-border providers for our BNPL app. Can we get a demo and a cost comparison?,1,9.2,Unassigned,Open,,Not qualified
L-0048,2025-10-27 04:42:00,Docs Signup,Mei Silva,mei72@webmail.example,Free,Boostquill Media,,USA,Other,asdf qwer,1,57.0,Vikram,,,Spam
L-0049,2025-10-27 11:49:00,Event,Tariq Okafor,tariq.okafor@letterdrop.example,Free,Plumeridge Systems,,Nigeria,Payments - Card Issuing,Are you hiring fintech developers? Please share openings.,2,15.0,Vikram,Unqualified,,Unqualified
L-0050,2025-10-29 00:56:00,Pricing Page Form,Hana Mehta,hana.mehta@thornlaceypay.example,Company,Thornlacey Pay,https://thornlaceypay.example,Vietnam,Payments - Card Issuing,Our team is building a lending product for small businesses. Need help with sandbox setup and credit rules. Timeline 2 to 3 months.,11,24.2,Vikram,Qualified,,Qualified+
L-0051,2025-10-29 01:43:00,Website Contact Form,Tariq Okafor,tariq566@rankfarrowseoagency.example,Company,Rankfarrow SEO Agency,https://rankfarrowseoagency.example,South Korea,Other,asdf qwer,1,47.4,Rahul,,,Spam
L-0052,2025-10-29 23:56:00,LinkedIn ABM,Ji-woo Chen,ji-woo.chen@pellowincommerce.example,Company,Pellowin Commerce,https://pellowincommerce.example,Japan,Payments - Card Issuing,Our team is building a lending product for small businesses. Need help with sandbox setup and credit rules. Timeline 2 to 3 months.,11,30.4,Vikram,Qualified,,Qualified+
L-0053,2025-10-31 08:42:00,Event,Lina Costa,lina.costa@ostrivolabs.example,Company,Ostrivo Labs,https://ostrivolabs.example,Canada,Payments - Cross-Border,Looking for pricing on KYC verification across 3 countries. Our current vendor keeps missing checks.,2,9.3,Rahul,,,Not qualified
L-0054,2025-10-31 11:39:00,Docs Signup,Sam Chen,sam.chen@freemail.example,Free,,,UK,Other,"Just exploring, what does your company do?",1,1.6,Neha,Unqualified,,Unqualified
L-0055,2025-11-01 00:56:00,LinkedIn ABM,Sam Berg,sam.berg@rushbarrowsystems.example,Company,Rushbarrow Systems,https://rushbarrowsystems.example,UK,Lending - Loan Origination,Looking for pricing on KYC verification across 4 countries. Our current vendor keeps missing checks.,8,85.8,Vikram,Lost,,Qualified+
L-0056,2025-11-01 02:17:00,Partner Referral,Chloe Novak,chloe.novak@letterdrop.example,Free,Larkspindle Systems,,Brazil,Other,I am a student researching open banking for my thesis. Can you share some material?,1,14.6,Vikram,,,Unqualified
L-0057,2025-11-02 10:46:00,Website Contact Form,Ravi Ivanova,tariq625@vanishmail.example,Free,,,Vietnam,Other,We offer premium SEO backlinks and guest post services for fintech websites. Reply for rates.,2,,Neha,,,Spam
L-0058,2025-11-03 07:26:00,Website Contact Form,Fatima Rossi,fatima.rossi@letterdrop.example,Free,Wyndlefoss Capital,,Japan,Payments - Card Issuing,"Just exploring, what does your company do?",4,9.5,Neha,,,Unqualified
L-0059,2025-11-04 00:48:00,LinkedIn ABM,Arjun Okafor,arjun.okafor@umberwickmoney.example,Company,Umberwick Money,https://umberwickmoney.example,Germany,Banking Data API,"Just exploring, what does your company do?",1,10.8,Neha,Unqualified,,Unqualified
L-0060,2025-11-04 05:48:00,Pricing Page Form,Ravi Muller,ravi811@webmail.example,Free,Rankfarrow SEO Agency,,South Korea,Other,Claim your cashback reward now at the link below.,2,36.3,Unassigned,Spam,,Spam
L-0061,2025-11-04 14:23:00,Website Contact Form,Ravi Lee,ravi.lee@inboxly.example,Free,,,Japan,Other,Can you give a free account for our hackathon project?,1,9.1,Unassigned,,,Unqualified
L-0062,2025-11-04 14:53:00,Partner Referral,Sofia Tanaka,sofia.tanaka@quillmoorstudio.example,Company,Quillmoor Studio,https://quillmoorstudio.example,UAE,Payments - Virtual Accounts,Evaluating virtual accounts providers for our payroll app. Can we get a demo and a cost comparison?,2,35.6,Vikram,,,Not qualified
L-0063,2025-11-04 20:18:00,Chat Widget,Felix Kim,mei443@webmail.example,Company,Boostquill Media,https://boostquillmedia.example,Nigeria,Other,test,1,,Unassigned,Spam,,Spam
L-0064,2025-11-05 07:13:00,Partner Referral,Lina Mehta,lina.mehta@juniperholtsystems.example,Company,Juniperholt Systems,https://juniperholtsystems.example,South Korea,KYC Verification,"Interested in learning about fintech, where do I start?",3,25.2,Neha,,,Unqualified
L-0065,2025-11-05 19:51:00,LinkedIn ABM,Noah Mehta,noah.mehta@yarrowtuncommerce.example,Company,Yarrowtun Commerce,https://yarrowtuncommerce.example,Canada,Lending - Loan Origination,"Need a banking data API with SLA for our budgeting app, around 47M calls per day.",11,28.5,Unassigned,Lost,,Qualified+
L-0066,2025-11-06 06:16:00,LinkedIn ABM,Noah Rossi,noah.rossi@ferrowindwallet.example,Company,Ferrowind Wallet,https://ferrowindwallet.example,Canada,Banking Data API,Are you hiring fintech developers? Please share openings.,3,21.8,Unassigned,Unqualified,,Unqualified
L-0067,2025-11-06 06:46:00,Chat Widget,Felix Khan,felix.khan@freemail.example,Free,,,Singapore,Banking Data API,Are you hiring fintech developers? Please share openings.,3,22.2,Unassigned,Unqualified,,Unqualified
L-0068,2025-11-07 08:35:00,Website Contact Form,Tariq Brown,tariq676@inboxly.example,Free,,,UAE,KYC Verification,"Get your app listing on top review sites in 48 hours, guaranteed. Contact our listing agent.",2,32.0,Rahul,,,Spam
L-0069,2025-11-07 08:35:00,Website Contact Form,Mateo Rossi,mateo602@postbox.example,Free,,,USA,Other,"Partnership proposal for fintech influencer marketing campaign, 500k reach.",1,192.2,Rahul,Spam,,Spam
L-0070,2025-11-07 10:22:00,Chat Widget,Arjun Tanaka,arjun.tanaka@marrowgatewallet.example,Company,Marrowgate Wallet,https://marrowgatewallet.example,UK,KYC Verification,"Interested in learning about fintech, where do I start?",3,130.4,Neha,,,Unqualified
L-0071,2025-11-07 12:52:00,Pricing Page Form,Nadia Patel,nadia.patel@wyndlefosscapital.example,Company,Wyndlefoss Capital,https://wyndlefosscapital.example,USA,Payments - Card Issuing,"Need a banking data API with SLA for our budgeting app, around 80M calls per day.",9,10.2,Unassigned,Qualified,,Qualified+
L-0072,2025-11-07 12:56:00,Chat Widget,Priya Mehta,priya.mehta@postbox.example,Free,Dunmarrow Labs,,Canada,KYC Verification,"Interested in learning about fintech, where do I start?",2,7.4,Neha,Unqualified,,Unqualified
L-0073,2025-11-07 18:23:00,LinkedIn ABM,Tariq Berg,tariq.berg@letterdrop.example,Free,Wyndlefoss Money,,UK,KYC Verification,Evaluating card issuing providers for our loyalty app. Can we get a demo and a cost comparison?,6,7.4,Neha,,,Not qualified
L-0074,2025-11-07 22:20:00,Chat Widget,Grace Rossi,grace.rossi@plumeridgefinance.example,Company,Plumeridge Finance,https://plumeridgefinance.example,India,Payments - Card Issuing,"Just exploring, what does your company do?",4,27.7,Neha,Unqualified,,Unqualified
L-0075,2025-11-08 01:31:00,LinkedIn ABM,Grace Nguyen,grace.nguyen@letterdrop.example,Free,Tarnvale Finance,,Singapore,Lending - Credit Scoring,Our team is building a lending product for small businesses. Need help with sandbox setup and credit rules. Timeline 2 to 3 months.,1,7.7,Rahul,,,Not qualified
L-0076,2025-11-08 01:40:00,Website Contact Form,Mei Chen,mei.chen@rushbarrowfinance.example,Company,Rushbarrow Finance,https://rushbarrowfinance.example,UK,Other,"Just exploring, what does your company do?",3,12.0,Neha,Unqualified,,Unqualified
L-0077,2025-11-08 16:04:00,Website Contact Form,Ethan Kim,ethan922@rankfarrowseoagency.example,Company,Rankfarrow SEO Agency,https://rankfarrowseoagency.example,Nigeria,Other,Claim your cashback reward now at the link below.,1,,Rahul,Spam,,Spam
L-0078,2025-11-09 03:43:00,Pricing Page Form,Ananya Lee,ananya.lee@rushbarrowwallet.example,Company,Rushbarrow Wallet,https://rushbarrowwallet.example,Germany,Lending - Credit Scoring,Our team is building a lending product for small businesses. Need help with sandbox setup and credit rules. Timeline 2 to 3 months.,3,11.6,Rahul,,,Not qualified
L-0079,2025-11-10 01:23:00,Pricing Page Form,Tariq Rossi,tariq.rossi@dunmarrowlabs.example,Company,Dunmarrow Labs,https://dunmarrowlabs.example,Turkey,Other,Can you give a free account for our hackathon project?,4,8.4,Neha,,,Unqualified
L-0080,2025-11-10 12:07:00,Pricing Page Form,Ananya Patel,ananya.patel@quarrytidelabs.example,Company,Quarrytide Labs,https://quarrytidelabs.example,Germany,Lending - Credit Scoring,We are launching a payroll product and need a managed card issuing setup with go-live in Q3.,7,63.4,Rahul,Qualified,,Qualified+
L-0081,2025-11-10 15:30:00,Website Contact Form,Sam Ivanova,sam.ivanova@wyndlefossfinance.example,Company,Wyndlefoss Finance,https://wyndlefossfinance.example,Germany,KYC Verification,Evaluating card issuing providers for our BNPL app. Can we get a demo and a cost comparison?,3,49.7,Rahul,,,Not qualified
L-0082,2025-11-10 19:48:00,Docs Signup,Arjun Kim,arjun.kim@inboxly.example,Free,Juniperholt Bank,,Turkey,Other,Can I use your API for a personal budget tracker?,2,8.6,Unassigned,Unqualified,,Unqualified
L-0083,2025-11-11 01:51:00,Chat Widget,Elena Tanaka,elena10@freemail.example,Free,,,Canada,Payments - Card Issuing,asdf qwer,1,16.6,Unassigned,,,Spam
L-0084,2025-11-11 13:23:00,LinkedIn ABM,Ravi Novak,ravi.novak@postbox.example,Free,Rushbarrow Labs,,Canada,Payments - Card Issuing,Can you give a free account for our hackathon project?,4,19.8,Neha,Unqualified,,Unqualified
L-0085,2025-11-11 23:35:00,Pricing Page Form,Sam Novak,sam.novak@wyndlefosswallet.example,Company,Wyndlefoss Wallet,https://wyndlefosswallet.example,Nigeria,Payments - Cross-Border,Evaluating cross-border providers for our payroll app. Can we get a demo and a cost comparison?,4,17.0,Vikram,,,Not qualified
L-0086,2025-11-13 03:49:00,Event,Kenji Brown,kenji.brown@inboxly.example,Free,,,India,KYC Verification,Can you give a free account for our hackathon project?,3,20.2,Unassigned,Unqualified,,Unqualified
L-0087,2025-11-13 14:25:00,Website Contact Form,Sofia Nguyen,ji-woo171@letterdrop.example,Company,Hypemarrow PR,https://hypemarrowpr.example,South Korea,KYC Verification,Claim your cashback reward now at the link below.,1,,Unassigned,Spam,,Spam
L-0088,2025-11-14 00:08:00,Chat Widget,Ethan Haddad,ethan.haddad@kestralithsystems.example,Company,Kestralith Systems,https://kestralithsystems.example,Canada,Banking Data API,Can I use your API for a personal budget tracker?,3,34.8,Vikram,Unqualified,,Unqualified
L-0089,2025-11-14 00:50:00,LinkedIn ABM,Elena Patel,elena.patel@glimmerfenpay.example,Company,Glimmerfen Pay,https://glimmerfenpay.example,UK,Banking Data API,We raised a seed round and plan to launch a digital savings platform for SMEs. Want to discuss infrastructure.,5,6.9,Vikram,Qualified,,Qualified+
L-0090,2025-11-14 01:08:00,LinkedIn ABM,Kenji Tanaka,kenji.tanaka@letterdrop.example,Free,Tarnvale Capital,,Singapore,Other,I am a student researching open banking for my thesis. Can you share some material?,3,5.3,Rahul,,,Unqualified
L-0091,2025-11-14 05:07:00,Docs Signup,Kenji Patel,kenji.patel@letterdrop.example,Free,Tarnvale Capital,,Turkey,Payments - Payouts,"Need a banking data API with SLA for our budgeting app, around 26M calls per day.",3,10.5,Neha,Unqualified,,Not qualified
L-0092,2025-11-14 08:01:00,Docs Signup,Fatima Brown,fatima265@webmail.example,Free,Rankfarrow SEO Agency,,Singapore,Payments - Card Issuing,"Partnership proposal for fintech influencer marketing campaign, 500k reach.",2,12.8,Rahul,Spam,,Spam
L-0093,2025-11-14 13:59:00,Partner Referral,Omar Haddad,omar.haddad@ferrowindcommerce.example,Company,Ferrowind Commerce,https://ferrowindcommerce.example,India,Payments - Card Issuing,We raised a seed round and plan to launch a digital savings platform for SMEs. Want to discuss infrastructure.,10,10.3,Rahul,Won,96000.0,Qualified+
L-0094,2025-11-15 12:33:00,Pricing Page Form,Mei Mehta,mei.mehta@dunmarrowlabs.example,Company,Dunmarrow Labs,https://dunmarrowlabs.example,UK,KYC Verification,"Migrating from another provider for our card program, need a quote this month.",5,14.1,Neha,,,Qualified+
L-0095,2025-11-15 13:44:00,Website Contact Form,Ethan Okafor,ethan.okafor@ostrivowallet.example,Company,Ostrivo Wallet,https://ostrivowallet.example,Brazil,KYC Verification,Are you hiring fintech developers? Please share openings.,3,23.3,Neha,,,Unqualified
L-0096,2025-11-16 03:02:00,Docs Signup,Priya Silva,priya.silva@yarrowtunstudio.example,Company,Yarrowtun Studio,https://yarrowtunstudio.example,Vietnam,Other,Can you give a free account for our hackathon project?,2,24.9,Unassigned,Unqualified,,Unqualified
L-0097,2025-11-16 13:37:00,Pricing Page Form,Arjun Kim,arjun.kim@freemail.example,Free,Nettlebrisk Money,,Canada,Banking Data API,Can I use your API for a personal budget tracker?,4,5.6,Neha,Unqualified,,Unqualified
L-0098,2025-11-16 17:59:00,Event,Grace Brown,grace.brown@pellowinlabs.example,Company,Pellowin Labs,https://pellowinlabs.example,UAE,Payments - Card Issuing,"Migrating from another provider for our card program, need a quote this month.",3,10.4,Vikram,Unqualified,,Not qualified
L-0099,2025-11-17 10:19:00,Event,Hana Nguyen,hana75@letterdrop.example,Free,Listpeak Directory,,Germany,Other,"Boost your Twitter followers and Telegram members, organic fintech marketing.",1,81.2,Neha,,,Spam
L-0100,2025-11-18 14:08:00,Partner Referral,Yuki Berg,yuki.berg@wyndlefosssystems.example,Company,Wyndlefoss Systems,https://wyndlefosssystems.example,South Korea,Lending - Credit Scoring,Evaluating card issuing providers for our BNPL app. Can we get a demo and a cost comparison?,5,1.9,Neha,Won,120000.0,Qualified+
L-0101,2025-11-18 17:19:00,Pricing Page Form,Ethan Lee,ethan148@inboxly.example,Free,Rankfarrow SEO Agency,,Canada,Other,test,1,,Neha,,,Spam
L-0102,2025-11-19 18:10:00,Pricing Page Form,Leon Khan,leon.khan@postbox.example,Free,Kestralith Money,,Japan,Other,Can I use your API for a personal budget tracker?,2,634.4,Unassigned,,,Unqualified
L-0103,2025-11-19 19:19:00,Docs Signup,Zara Okafor,zara943@webmail.example,Free,,,Nigeria,KYC Verification,"Boost your Twitter followers and Telegram members, organic fintech marketing.",2,15.6,Vikram,,,Spam
L-0104,2025-11-19 19:49:00,LinkedIn ABM,Lucas Haddad,lucas.haddad@webmail.example,Free,Quarrytide Finance,,USA,Payments - Card Issuing,I am a student researching open banking for my thesis. Can you share some material?,2,2.2,Unassigned,,,Unqualified
L-0105,2025-11-20 15:22:00,Docs Signup,Kenji Novak,kenji.novak@plumeridgesystems.example,Company,Plumeridge Systems,https://plumeridgesystems.example,India,Lending - Loan Origination,"Migrating from another provider for our card program, need a quote this month.",8,13.0,Neha,,,Qualified+
L-0106,2025-11-21 02:38:00,Partner Referral,Noah Chen,noah.chen@webmail.example,Free,,,Germany,Payments - Card Issuing,"Interested in learning about fintech, where do I start?",1,8.0,Rahul,,,Unqualified
L-0107,2025-11-21 02:38:00,Chat Widget,Zara Costa,zara.costa@zellowmarkfinance.example,Company,Zellowmark Finance,https://zellowmarkfinance.example,UAE,Payments - Card Issuing,Looking for pricing on KYC verification across 3 countries. Our current vendor keeps missing checks.,4,11.7,Unassigned,Unqualified,,Not qualified
L-0108,2025-11-21 16:08:00,LinkedIn ABM,Noah Okafor,noah.okafor@wyndlefosscapital.example,Company,Wyndlefoss Capital,https://wyndlefosscapital.example,USA,Banking Data API,We are launching a payroll product and need a managed card issuing setup with go-live in Q3.,4,6.0,Vikram,,,Qualified+
L-0109,2025-11-21 23:15:00,Pricing Page Form,Kenji Lee,kenji.lee@inboxly.example,Free,,,Singapore,Payments - Card Issuing,"Just exploring, what does your company do?",1,16.8,Unassigned,Unqualified,,Unqualified
L-0110,2025-11-22 02:01:00,LinkedIn ABM,Marco Haddad,marco.haddad@letterdrop.example,Free,Marrowgate Bank,,Brazil,KYC Verification,Looking for pricing on KYC verification across 3 countries. Our current vendor keeps missing checks.,1,21.0,Neha,,,Not qualified
L-0111,2025-11-22 10:12:00,Website Contact Form,Lucas Muller,lucas324@quickdrop.example,Disposable,,,Turkey,KYC Verification,"Boost your Twitter followers and Telegram members, organic fintech marketing.",2,32.8,Vikram,,,Spam
L-0112,2025-11-22 11:09:00,LinkedIn ABM,Nadia Mehta,nadia.mehta@tarnvalepay.example,Company,Tarnvale Pay,https://tarnvalepay.example,Vietnam,Payments - Cross-Border,Our team is building a lending product for small businesses. Need help with sandbox setup and credit rules. Timeline 2 to 3 months.,3,10.5,Unassigned,,,Not qualified
L-0113,2025-11-22 19:57:00,Chat Widget,Ethan Okafor,ethan135@hypemarrowpr.example,Company,Hypemarrow PR,https://hypemarrowpr.example,Switzerland,Other,Claim your cashback reward now at the link below.,1,12.5,Rahul,Spam,,Spam
L-0114,2025-11-22 23:09:00,Website Contact Form,Leon Sharma,leon.sharma@glimmerfenstudio.example,Company,Glimmerfen Studio,https://glimmerfenstudio.example,India,Lending - Loan Origination,"Need a banking data API with SLA for our budgeting app, around 29M calls per day.",1,26.6,Vikram,Unqualified,,Not qualified
L-0115,2025-11-23 06:40:00,Event,Priya Novak,priya865@burnmail.example,Disposable,,,Vietnam,Other,hi,2,31.4,Unassigned,Spam,,Spam
L-0116,2025-11-23 07:57:00,Pricing Page Form,Ravi Brown,ravi.brown@hollowquaymoney.example,Company,Hollowquay Money,https://hollowquaymoney.example,Turkey,Lending - Loan Origination,Evaluating card issuing providers for our loyalty app. Can we get a demo and a cost comparison?,10,3.1,Vikram,,,Qualified+
L-0117,2025-11-23 15:20:00,Pricing Page Form,Noah Garcia,noah.garcia@webmail.example,Free,Umberwick Finance,,Brazil,Banking Data API,"Migrating from another provider for our card program, need a quote this month.",9,20.2,Unassigned,,,Qualified+
L-0118,2025-11-24 07:13:00,Website Contact Form,Hana Brown,hana.brown@freemail.example,Free,Nettlebrisk Commerce,,UAE,Other,Can I use your API for a personal budget tracker?,4,5.1,Vikram,Unqualified,,Unqualified
L-0119,2025-11-24 12:00:00,Chat Widget,Nadia Brown,nadia.brown@inboxly.example,Free,Glimmerfen Bank,,Germany,KYC Verification,Can you give a free account for our hackathon project?,3,42.9,Unassigned,Unqualified,,Unqualified
L-0120,2025-11-24 13:36:00,Docs Signup,Ravi Haddad,ravi.haddad@inboxly.example,Free,Vexmoor Labs,,Switzerland,Payments - Card Issuing,Are you hiring fintech developers? Please share openings.,3,3.4,Unassigned,Unqualified,,Unqualified
L-0121,2025-11-24 13:46:00,Website Contact Form,Sofia Khan,sofia607@inboxly.example,Free,Rankfarrow SEO Agency,,Brazil,KYC Verification,test,2,,Rahul,Spam,,Spam
L-0122,2025-11-24 19:44:00,Pricing Page Form,Arjun Rossi,arjun.rossi@marrowgatepay.example,Company,Marrowgate Pay,https://marrowgatepay.example,Vietnam,Payments - Payouts,"Need a banking data API with SLA for our budgeting app, around 19M calls per day.",4,5.7,Neha,,,Qualified+
L-0123,2025-11-24 21:23:00,Website Contact Form,Chloe Rossi,chloe313@tempinbox.example,Disposable,,,India,Other,"Exclusive investment opportunity with 300% returns, DM on telegram.",2,,Unassigned,,,Spam
L-0124,2025-11-25 00:08:00,Pricing Page Form,Ananya Khan,ananya.khan@zellowmarkcapital.example,Company,Zellowmark Capital,https://zellowmarkcapital.example,Canada,Payments - Cross-Border,"Need a banking data API with SLA for our budgeting app, around 72M calls per day.",5,10.8,Vikram,,,Not qualified
L-0125,2025-11-25 00:21:00,Event,Elena Brown,elena.brown@sallowfennsystems.example,Company,Sallowfenn Systems,https://sallowfennsystems.example,Germany,Lending - Credit Scoring,We are launching a loyalty product and need a managed card issuing setup with go-live in Q4.,1,48.3,Vikram,Open,,Not qualified
L-0126,2025-11-25 03:21:00,Event,Nadia Costa,nadia.costa@glimmerfencommerce.example,Company,Glimmerfen Commerce,https://glimmerfencommerce.example,Japan,KYC Verification,I am a student researching open banking for my thesis. Can you share some material?,2,21.4,Unassigned,,,Unqualified
L-0127,2025-11-25 04:18:00,LinkedIn ABM,Kenji Kim,kenji.kim@ostrivopay.example,Company,Ostrivo Pay,https://ostrivopay.example,USA,Payments - Payouts,Looking for pricing on KYC verification across 2 countries. Our current vendor keeps missing checks.,6,22.3,Unassigned,,,Qualified+
L-0128,2025-11-25 16:48:00,Event,Zara Muller,zara.muller@ferrowindwallet.example,Company,Ferrowind Wallet,https://ferrowindwallet.example,UK,KYC Verification,Looking for pricing on KYC verification across 4 countries. Our current vendor keeps missing checks.,4,30.3,Vikram,Won,60000.0,Qualified+
L-0129,2025-11-26 17:50:00,Pricing Page Form,Daniel Okafor,daniel.okafor@letterdrop.example,Free,Sallowfenn Studio,,UAE,Lending - Credit Scoring,We are launching a marketplace product and need a managed card issuing setup with go-live in Q2.,8,57.6,Rahul,,,Qualified+
L-0130,2025-11-27 00:06:00,Website Contact Form,Zara Novak,tariq625@vanishmail.example,Free,Listpeak Directory,,South Korea,Other,"Boost your Twitter followers and Telegram members, organic fintech marketing.",1,12.4,Vikram,,,Spam
L-0131,2025-11-27 01:26:00,Chat Widget,Omar Nguyen,nadia415@inboxly.example,Company,Boostquill Media,https://boostquillmedia.example,South Korea,Payments - Card Issuing,"We are a dev agency from offshore, 20 fintech developers available at low rates.",1,10.9,Unassigned,Spam,,Spam
L-0132,2025-11-27 09:02:00,Docs Signup,Lucas Ivanova,lucas.ivanova@letterdrop.example,Free,Brindlewick Pay,,India,Banking Data API,Can I use your API for a personal budget tracker?,2,14.7,Neha,Unqualified,,Unqualified
L-0133,2025-11-28 17:10:00,Docs Signup,Marco Brown,marco.brown@wyndlefosscapital.example,Company,Wyndlefoss Capital,https://wyndlefosscapital.example,Canada,KYC Verification,Can you give a free account for our hackathon project?,3,17.3,Rahul,Unqualified,,Unqualified
L-0134,2025-11-29 19:07:00,Pricing Page Form,Ji-woo Patel,ji-woo.patel@vexmoorbank.example,Company,Vexmoor Bank,https://vexmoorbank.example,Vietnam,Payments - Cross-Border,Looking for pricing on KYC verification across 3 countries. Our current vendor keeps missing checks.,2,35.1,Neha,Unqualified,,Not qualified
L-0135,2025-12-01 02:48:00,Event,Grace Patel,grace.patel@inboxly.example,Free,Orrowmere Systems,,Nigeria,Other,Are you hiring fintech developers? Please share openings.,1,14.9,Neha,Unqualified,,Unqualified
L-0136,2025-12-01 07:19:00,Pricing Page Form,Ravi Lee,ravi.lee@nettlebrisklabs.example,Company,Nettlebrisk Labs,https://nettlebrisklabs.example,South Korea,Other,"Just exploring, what does your company do?",1,14.4,Unassigned,,,Unqualified
L-0137,2025-12-02 03:10:00,Docs Signup,Tariq Haddad,tariq279@webmail.example,Free,Rankfarrow SEO Agency,,South Korea,Payments - Card Issuing,Claim your cashback reward now at the link below.,1,,Unassigned,Spam,,Spam
L-0138,2025-12-02 11:09:00,Pricing Page Form,Nadia Ivanova,nadia.ivanova@hollowquaywallet.example,Company,Hollowquay Wallet,https://hollowquaywallet.example,Switzerland,KYC Verification,"Need a banking data API with SLA for our budgeting app, around 65M calls per day.",5,2.6,Vikram,,,Not qualified
L-0139,2025-12-03 05:02:00,Docs Signup,Zara Silva,zara.silva@glimmerfenstudio.example,Company,Glimmerfen Studio,https://glimmerfenstudio.example,India,Payments - Cross-Border,We raised a seed round and plan to launch a digital savings platform for SMEs. Want to discuss infrastructure.,2,25.3,Unassigned,Unqualified,,Not qualified
L-0140,2025-12-04 00:27:00,Website Contact Form,Mateo Muller,mateo746@burnmail.example,Disposable,,,Nigeria,Payments - Card Issuing,test,1,36.0,Rahul,,,Spam
L-0141,2025-12-04 00:45:00,Event,Aisha Rossi,aisha924@letterdrop.example,Free,Boostquill Media,,UAE,Other,"Exclusive investment opportunity with 300% returns, DM on telegram.",1,9.0,Rahul,,,Spam
L-0142,2025-12-04 09:39:00,Pricing Page Form,Aisha Silva,aisha.silva@brindlewickpay.example,Company,Brindlewick Pay,https://brindlewickpay.example,South Korea,KYC Verification,"Interested in learning about fintech, where do I start?",4,56.9,Vikram,,,Unqualified
L-0143,2025-12-04 13:25:00,Website Contact Form,Zara Tanaka,zara783@letterdrop.example,Free,Listpeak Directory,,Turkey,Payments - Card Issuing,asdf qwer,2,18.8,Unassigned,Spam,,Spam
L-0144,2025-12-04 16:10:00,Event,Tariq Khan,tariq.khan@inboxly.example,Free,,,Canada,KYC Verification,I am a student researching open banking for my thesis. Can you share some material?,4,18.6,Rahul,Unqualified,,Unqualified
L-0145,2025-12-05 16:29:00,Website Contact Form,Ji-woo Muller,ji-woo171@letterdrop.example,Free,,,Canada,Other,We offer premium SEO backlinks and guest post services for fintech websites. Reply for rates.,1,,Unassigned,Spam,,Spam
L-0146,2025-12-05 19:01:00,Chat Widget,Hana Khan,ivan363@codewhistleoutsourcing.example,Company,Boostquill Media,https://boostquillmedia.example,USA,Other,"We are a dev agency from offshore, 20 fintech developers available at low rates.",2,13.7,Rahul,,,Spam
L-0147,2025-12-05 19:34:00,Website Contact Form,Lina Nguyen,lina138@throwaway.example,Disposable,,,South Korea,Other,"Boost your Twitter followers and Telegram members, organic fintech marketing.",2,25.7,Rahul,,,Spam
L-0148,2025-12-06 03:08:00,Docs Signup,Ji-woo Nguyen,ji-woo.nguyen@brindlewickbank.example,Company,Brindlewick Bank,https://brindlewickbank.example,Brazil,Banking Data API,"Just exploring, what does your company do?",3,6.0,Rahul,Unqualified,,Unqualified
L-0149,2025-12-06 17:08:00,Website Contact Form,Sofia Costa,lucas634@boostquillmedia.example,Company,Codewhistle Outsourcing,https://codewhistleoutsourcing.example,UAE,Other,test,1,,Unassigned,,,Spam
L-0150,2025-12-09 08:50:00,Website Contact Form,Lina Mehta,lina343@inboxly.example,Free,,,UAE,Payments - Card Issuing,We offer premium SEO backlinks and guest post services for fintech websites. Reply for rates.,2,26.9,Unassigned,Spam,,Spam
L-0151,2025-12-09 10:53:00,LinkedIn ABM,Zara Mehta,zara.mehta@orrowmerelabs.example,Company,Orrowmere Labs,https://orrowmerelabs.example,Japan,Lending - Loan Origination,"Need a banking data API with SLA for our budgeting app, around 43M calls per day.",12,43.1,Neha,Won,18000.0,Qualified+
L-0152,2025-12-09 20:09:00,Website Contact Form,Marco Ivanova,marco.ivanova@wyndlefosscapital.example,Company,Wyndlefoss Capital,https://wyndlefosscapital.example,Singapore,Banking Data API,"Just exploring, what does your company do?",4,3.4,Rahul,Unqualified,,Unqualified
L-0153,2025-12-10 01:58:00,Docs Signup,Arjun Costa,arjun502@postbox.example,Free,Listpeak Directory,,Japan,KYC Verification,hi,2,4.8,Unassigned,Spam,,Spam
L-0154,2025-12-11 16:26:00,Website Contact Form,Marco Berg,marco.berg@plumeridgecommerce.example,Company,Plumeridge Commerce,https://plumeridgecommerce.example,UK,Lending - Loan Origination,We raised a seed round and plan to launch a digital savings platform for SMEs. Want to discuss infrastructure.,10,13.6,Neha,,,Qualified+
L-0155,2025-12-11 20:25:00,Partner Referral,Fatima Garcia,fatima.garcia@plumeridgecapital.example,Company,Plumeridge Capital,https://plumeridgecapital.example,Brazil,Banking Data API,We raised a seed round and plan to launch a digital savings platform for SMEs. Want to discuss infrastructure.,4,33.1,Rahul,Lost,,Qualified+
L-0156,2025-12-12 02:08:00,Event,Sofia Kim,sofia.kim@quillmoorlabs.example,Company,Quillmoor Labs,https://quillmoorlabs.example,USA,Other,"Interested in learning about fintech, where do I start?",3,4.1,Unassigned,,,Unqualified
L-0157,2025-12-13 02:45:00,Event,Ethan Novak,ethan.novak@letterdrop.example,Free,,,UK,Other,I am a student researching open banking for my thesis. Can you share some material?,1,2.0,Vikram,,,Unqualified
L-0158,2025-12-13 15:11:00,Website Contact Form,Ananya Chen,ananya.chen@umberwickbank.example,Company,Umberwick Bank,https://umberwickbank.example,Canada,Banking Data API,Can I use your API for a personal budget tracker?,3,1.1,Neha,Unqualified,,Unqualified
L-0159,2025-12-13 16:03:00,Chat Widget,Zara Nguyen,zara.nguyen@freemail.example,Free,,,Turkey,KYC Verification,"Just exploring, what does your company do?",4,26.7,Neha,Unqualified,,Unqualified
L-0160,2025-12-13 16:45:00,Event,Chloe Nguyen,chloe.nguyen@nettlebriskbank.example,Company,Nettlebrisk Bank,https://nettlebriskbank.example,India,Payments - Virtual Accounts,Evaluating virtual accounts providers for our remittance app. Can we get a demo and a cost comparison?,1,4.4,Unassigned,,,Not qualified
L-0161,2025-12-14 03:09:00,Website Contact Form,Felix Novak,felix.novak@inboxly.example,Free,Tarnvale Bank,,Canada,Payments - Card Issuing,Are you hiring fintech developers? Please share openings.,3,5.4,Rahul,Unqualified,,Unqualified
L-0162,2025-12-14 13:24:00,Website Contact Form,Aisha Okafor,aisha.okafor@freemail.example,Free,Ostrivo Bank,,Turkey,Banking Data API,"Just exploring, what does your company do?",2,62.3,Neha,,,Unqualified
L-0163,2025-12-14 21:35:00,Website Contact Form,Ananya Mehta,ananya.mehta@freemail.example,Free,Hollowquay Finance,,South Korea,Other,"Interested in learning about fintech, where do I start?",1,18.7,Rahul,,,Unqualified
L-0164,2025-12-15 09:21:00,Website Contact Form,Kenji Khan,elena60@vanishmail.example,Free,,,India,KYC Verification,"Get your app listing on top review sites in 48 hours, guaranteed. Contact our listing agent.",2,15.6,Rahul,Spam,,Spam
L-0165,2025-12-15 22:25:00,Chat Widget,Leon Kim,leon951@burnmail.example,Disposable,,,Switzerland,Other,asdf qwer,1,44.9,Vikram,,,Spam
L-0166,2025-12-16 14:49:00,Pricing Page Form,Nadia Khan,nadia.khan@juniperholtwallet.example,Company,Juniperholt Wallet,https://juniperholtwallet.example,UAE,KYC Verification,Evaluating card issuing providers for our marketplace app. Can we get a demo and a cost comparison?,7,8.4,Vikram,,,Qualified+
L-0167,2025-12-17 01:08:00,Event,Omar Ivanova,omar.ivanova@inboxly.example,Free,Juniperholt Bank,,South Korea,Banking Data API,Can you give a free account for our hackathon project?,3,4.7,Vikram,Unqualified,,Unqualified
L-0168,2025-12-17 01:28:00,Partner Referral,Felix Rossi,felix.rossi@postbox.example,Free,Hollowquay Finance,,Brazil,Payments - Payouts,"Migrating from another provider for our card program, need a quote this month.",6,12.8,Rahul,,,Not qualified
L-0169,2025-12-17 16:20:00,Website Contact Form,Daniel Okafor,daniel302@quickdrop.example,Disposable,,,Japan,Other,"We are a dev agency from offshore, 20 fintech developers available at low rates.",2,38.5,Rahul,Spam,,Spam
L-0170,2025-12-18 09:16:00,Website Contact Form,Ravi Lee,ravi.lee@dunmarrowmoney.example,Company,Dunmarrow Money,https://dunmarrowmoney.example,Turkey,Other,Are you hiring fintech developers? Please share openings.,1,14.1,Unassigned,Unqualified,,Unqualified
L-0171,2025-12-19 22:00:00,Pricing Page Form,Tariq Brown,tariq.brown@orrowmerecapital.example,Company,Orrowmere Capital,https://orrowmerecapital.example,Brazil,Payments - Card Issuing,Can I use your API for a personal budget tracker?,3,4.0,Neha,Unqualified,,Unqualified
L-0172,2025-12-20 05:16:00,Website Contact Form,Elena Patel,elena.patel@letterdrop.example,Free,Zellowmark Labs,,Brazil,Payments - Cross-Border,We raised a seed round and plan to launch a digital savings platform for SMEs. Want to discuss infrastructure.,1,57.5,Rahul,Unqualified,,Not qualified
L-0173,2025-12-20 15:27:00,Website Contact Form,Lina Nguyen,lina157@postbox.example,Free,Rankfarrow SEO Agency,,Japan,Other,"Boost your Twitter followers and Telegram members, organic fintech marketing.",2,13.0,Rahul,,,Spam
L-0174,2025-12-21 14:19:00,Partner Referral,Noah Kim,noah.kim@ferrowindstudio.example,Company,Ferrowind Studio,https://ferrowindstudio.example,USA,Lending - Credit Scoring,We raised a seed round and plan to launch a digital savings platform for SMEs. Want to discuss infrastructure.,5,6.3,Unassigned,,,Qualified+
L-0175,2025-12-22 02:51:00,Event,Chloe Kim,chloe.kim@marrowgatefinance.example,Company,Marrowgate Finance,https://marrowgatefinance.example,India,Payments - Card Issuing,"Migrating from another provider for our card program, need a quote this month.",10,4.9,Vikram,,,Qualified+
L-0176,2025-12-22 06:02:00,Website Contact Form,Sofia Berg,sofia867@webmail.example,Free,,,Vietnam,Payments - Card Issuing,"Boost your Twitter followers and Telegram members, organic fintech marketing.",2,19.5,Neha,,,Spam
L-0177,2025-12-22 07:20:00,Docs Signup,Chloe Costa,chloe.costa@quarrytidelabs.example,Company,Quarrytide Labs,https://quarrytidelabs.example,Germany,Lending - Credit Scoring,We raised a seed round and plan to launch a digital savings platform for SMEs. Want to discuss infrastructure.,10,26.7,Vikram,,,Qualified+
L-0178,2025-12-22 15:01:00,Docs Signup,Felix Mehta,felix.mehta@inboxly.example,Free,Plumeridge Capital,,UAE,Payments - Payouts,"Migrating from another provider for our card program, need a quote this month.",2,29.2,Rahul,,,Not qualified
L-0179,2025-12-22 20:45:00,Website Contact Form,Lina Berg,lina664@throwaway.example,Disposable,,,USA,Other,Claim your cashback reward now at the link below.,2,8.5,Rahul,,,Spam
L-0180,2025-12-23 07:35:00,Website Contact Form,Sam Patel,sam.patel@webmail.example,Free,,,Japan,KYC Verification,"Just exploring, what does your company do?",3,31.6,Vikram,Unqualified,,Unqualified
L-0181,2025-12-23 14:49:00,Pricing Page Form,Ravi Mehta,ravi.mehta@wyndlefossstudio.example,Company,Wyndlefoss Studio,https://wyndlefossstudio.example,Turkey,Payments - Payouts,"Need a banking data API with SLA for our budgeting app, around 80M calls per day.",8,8.5,Unassigned,,,Qualified+
L-0182,2025-12-24 01:43:00,Docs Signup,Hana Muller,hana.muller@marrowgatepay.example,Company,Marrowgate Pay,https://marrowgatepay.example,UK,Payments - Payouts,We raised a seed round and plan to launch a digital savings platform for SMEs. Want to discuss infrastructure.,1,19.0,Unassigned,,,Not qualified
L-0183,2025-12-24 04:00:00,Docs Signup,Lina Sharma,lina888@webmail.example,Free,,,Germany,Other,"Get your app listing on top review sites in 48 hours, guaranteed. Contact our listing agent.",2,31.5,Unassigned,,,Spam
L-0184,2025-12-24 08:19:00,Pricing Page Form,Marco Chen,marco972@letterdrop.example,Free,Rankfarrow SEO Agency,,Canada,Other,test,1,,Unassigned,Spam,,Spam
L-0185,2025-12-24 19:51:00,LinkedIn ABM,Felix Patel,felix.patel@wyndlefosssystems.example,Company,Wyndlefoss Systems,https://wyndlefosssystems.example,UK,Payments - Virtual Accounts,"Migrating from another provider for our card program, need a quote this month.",11,6.2,Vikram,Qualified,,Qualified+
L-0186,2025-12-24 21:26:00,Website Contact Form,Mateo Nguyen,mateo.nguyen@tarnvalewallet.example,Company,Tarnvale Wallet,https://tarnvalewallet.example,Vietnam,Payments - Virtual Accounts,Evaluating virtual accounts providers for our BNPL app. Can we get a demo and a cost comparison?,5,7.5,Vikram,Lost,,Qualified+
L-0187,2025-12-25 08:40:00,Website Contact Form,Noah Muller,noah.muller@ostrivowallet.example,Company,Ostrivo Wallet,https://ostrivowallet.example,Germany,Payments - Virtual Accounts,We raised a seed round and plan to launch a digital savings platform for SMEs. Want to discuss infrastructure.,12,10.0,Unassigned,,,Qualified+
L-0188,2025-12-25 09:30:00,Docs Signup,Ivan Silva,ivan.silva@nettlebriskbank.example,Company,Nettlebrisk Bank,https://nettlebriskbank.example,UK,Payments - Cross-Border,"Migrating from another provider for our card program, need a quote this month.",3,7.4,Unassigned,Lost,,Qualified+
L-0189,2025-12-25 18:38:00,Website Contact Form,Fatima Costa,fatima.costa@freemail.example,Free,Zellowmark Capital,,Vietnam,Banking Data API,I am a student researching open banking for my thesis. Can you share some material?,4,15.6,Neha,,,Unqualified
L-0190,2025-12-26 02:35:00,Pricing Page Form,Felix Haddad,felix.haddad@freemail.example,Free,Kestralith Money,,Vietnam,Payments - Card Issuing,"Need a banking data API with SLA for our budgeting app, around 78M calls per day.",12,40.4,Unassigned,Qualified,,Qualified+
L-0191,2025-12-27 15:30:00,Website Contact Form,Sam Muller,sam.muller@webmail.example,Free,Nettlebrisk Studio,,UAE,Lending - Credit Scoring,"Need a banking data API with SLA for our budgeting app, around 5M calls per day.",1,10.7,Unassigned,,,Not qualified
L-0192,2025-12-27 15:52:00,LinkedIn ABM,Lucas Garcia,lucas.garcia@glimmerfenstudio.example,Company,Glimmerfen Studio,https://glimmerfenstudio.example,Turkey,KYC Verification,"Just exploring, what does your company do?",4,4.6,Rahul,Unqualified,,Unqualified
L-0193,2025-12-29 01:44:00,Docs Signup,Aisha Okafor,aisha.okafor@webmail.example,Free,Ostrivo Studio,,Japan,Other,Can I use your API for a personal budget tracker?,3,10.3,Vikram,Unqualified,,Unqualified
L-0194,2025-12-29 03:36:00,Website Contact Form,Leon Okafor,leon301@quickdrop.example,Disposable,,,Turkey,Other,We offer premium SEO backlinks and guest post services for fintech websites. Reply for rates.,1,16.3,Neha,,,Spam
L-0195,2025-12-29 05:54:00,Website Contact Form,Lucas Berg,lucas457@letterdrop.example,Free,Rankfarrow SEO Agency,,Turkey,KYC Verification,asdf qwer,2,25.9,Rahul,Spam,,Spam
L-0196,2025-12-29 07:06:00,Website Contact Form,Ananya Haddad,ji-woo171@letterdrop.example,Company,Listpeak Directory,https://listpeakdirectory.example,South Korea,Other,"We are a dev agency from offshore, 20 fintech developers available at low rates.",1,,Neha,,,Spam
L-0197,2025-12-29 11:03:00,Event,Lucas Berg,ananya44@boostquillmedia.example,Disposable,,,UK,Payments - Card Issuing,asdf qwer,1,47.9,Vikram,,,Spam
L-0198,2025-12-29 12:12:00,Event,Marco Khan,marco.khan@larkspindlepay.example,Company,Larkspindle Pay,https://larkspindlepay.example,Japan,Payments - Virtual Accounts,We raised a seed round and plan to launch a digital savings platform for SMEs. Want to discuss infrastructure.,5,7.0,Vikram,,,Not qualified
L-0199,2025-12-30 04:04:00,Website Contact Form,Hana Khan,hana.khan@letterdrop.example,Free,,,India,Other,"Just exploring, what does your company do?",4,19.3,Rahul,Unqualified,,Unqualified
L-0200,2025-12-30 11:32:00,Pricing Page Form,Arjun Muller,marco972@letterdrop.example,Free,Listpeak Directory,,South Korea,KYC Verification,asdf qwer,1,25.9,Rahul,Spam,,Spam
L-0201,2025-12-31 02:49:00,Chat Widget,Lina Muller,lina809@vanishmail.example,Disposable,,,India,Payments - Card Issuing,hi,1,19.1,Unassigned,,,Spam
L-0202,2025-12-31 06:09:00,Chat Widget,Fatima Muller,fatima.muller@letterdrop.example,Free,,,Nigeria,Banking Data API,I am a student researching open banking for my thesis. Can you share some material?,2,8.3,Rahul,Unqualified,,Unqualified
L-0203,2025-12-31 10:40:00,LinkedIn ABM,Ivan Tanaka,ivan.tanaka@wyndlefosswallet.example,Company,Wyndlefoss Wallet,https://wyndlefosswallet.example,Turkey,Lending - Loan Origination,Looking for pricing on KYC verification across 5 countries. Our current vendor keeps missing checks.,4,30.7,Vikram,Lost,,Qualified+
L-0204,2025-12-31 12:02:00,Docs Signup,Ivan Muller,ivan.muller@postbox.example,Free,Thornlacey Wallet,,Vietnam,Banking Data API,Can I use your API for a personal budget tracker?,3,10.3,Rahul,Unqualified,,Unqualified
L-0205,2026-01-01 17:43:00,Docs Signup,Lucas Okafor,lucas.okafor@webmail.example,Free,Plumeridge Studio,,Singapore,Banking Data API,Can I use your API for a personal budget tracker?,2,5.0,Vikram,Unqualified,,Unqualified
L-0206,2026-01-03 04:27:00,Docs Signup,Ethan Berg,ethan.berg@webmail.example,Free,Umberwick Pay,,UAE,Other,I am a student researching open banking for my thesis. Can you share some material?,1,1.7,Unassigned,Unqualified,,Unqualified
L-0207,2026-01-03 10:18:00,Website Contact Form,Chloe Lee,chloe.lee@dunmarrowfinance.example,Company,Dunmarrow Finance,https://dunmarrowfinance.example,USA,Payments - Virtual Accounts,We are launching a payroll product and need a managed virtual accounts setup with go-live in Q4.,10,10.6,Vikram,,,Qualified+
L-0208,2026-01-03 21:58:00,Docs Signup,Sofia Silva,sofia.silva@freemail.example,Free,Vexmoor Pay,,Singapore,Payments - Cross-Border,"Need a banking data API with SLA for our budgeting app, around 55M calls per day.",1,26.8,Unassigned,Open,,Not qualified
L-0209,2026-01-04 00:08:00,Website Contact Form,Leon Garcia,leon.garcia@letterdrop.example,Free,,,India,Other,Can I use your API for a personal budget tracker?,4,9.9,Vikram,Unqualified,,Unqualified
L-0210,2026-01-04 17:34:00,Pricing Page Form,Tariq Chen,tariq25@burnmail.example,Disposable,,,India,KYC Verification,"Get your app listing on top review sites in 48 hours, guaranteed. Contact our listing agent.",1,7.3,Vikram,,,Spam
L-0211,2026-01-04 17:54:00,Website Contact Form,Marco Garcia,marco256@quickdrop.example,Disposable,,,Japan,Payments - Card Issuing,We offer premium SEO backlinks and guest post services for fintech websites. Reply for rates.,1,19.0,Unassigned,,,Spam
L-0212,2026-01-04 19:40:00,LinkedIn ABM,Elena Sharma,elena.sharma@ostrivocapital.example,Company,Ostrivo Capital,https://ostrivocapital.example,Vietnam,Payments - Virtual Accounts,Looking for pricing on KYC verification across 3 countries. Our current vendor keeps missing checks.,8,1.3,Rahul,,,Qualified+
L-0213,2026-01-05 09:59:00,Docs Signup,Chloe Chen,chloe.chen@letterdrop.example,Free,,,Turkey,Payments - Card Issuing,Can I use your API for a personal budget tracker?,1,11.6,Vikram,Unqualified,,Unqualified
L-0214,2026-01-06 03:54:00,Chat Widget,Chloe Garcia,chloe.garcia@brindlewickbank.example,Company,Brindlewick Bank,https://brindlewickbank.example,Singapore,Lending - Credit Scoring,Evaluating card issuing providers for our marketplace app. Can we get a demo and a cost comparison?,1,2.9,Unassigned,,,Not qualified
L-0215,2026-01-07 02:05:00,LinkedIn ABM,Fatima Mehta,fatima.mehta@yarrowtunstudio.example,Company,Yarrowtun Studio,https://yarrowtunstudio.example,South Korea,Payments - Cross-Border,"Migrating from another provider for our card program, need a quote this month.",8,6.6,Vikram,Lost,,Qualified+
L-0216,2026-01-07 12:35:00,Chat Widget,Marco Tanaka,marco.tanaka@thornlaceystudio.example,Company,Thornlacey Studio,https://thornlaceystudio.example,Japan,Payments - Card Issuing,I am a student researching open banking for my thesis. Can you share some material?,3,13.1,Neha,Unqualified,,Unqualified
L-0217,2026-01-07 14:09:00,Website Contact Form,Zara Novak,zara.novak@quillmoorstudio.example,Company,Quillmoor Studio,https://quillmoorstudio.example,UK,Banking Data API,Our team is building a lending product for small businesses. Need help with sandbox setup and credit rules. Timeline 2 to 3 months.,7,10.5,Rahul,Lost,,Qualified+
L-0218,2026-01-07 18:07:00,Website Contact Form,Tariq Berg,tariq.berg@tarnvalefinance.example,Company,Tarnvale Finance,https://tarnvalefinance.example,Brazil,Lending - Loan Origination,Looking for pricing on KYC verification across 2 countries. Our current vendor keeps missing checks.,2,34.2,Neha,,,Not qualified
L-0219,2026-01-08 08:54:00,Event,Grace Sharma,grace.sharma@inboxly.example,Free,Hollowquay Commerce,,Turkey,Lending - Loan Origination,Evaluating card issuing providers for our marketplace app. Can we get a demo and a cost comparison?,4,42.3,Vikram,Qualified,,Qualified+
L-0220,2026-01-08 11:08:00,Event,Ethan Khan,ethan.khan@letterdrop.example,Free,Brindlewick Pay,,Turkey,Banking Data API,Our team is building a lending product for small businesses. Need help with sandbox setup and credit rules. Timeline 2 to 3 months.,2,7.2,Rahul,,,Not qualified
L-0221,2026-01-08 17:14:00,Website Contact Form,Lina Lee,lina.lee@zellowmarksystems.example,Company,Zellowmark Systems,https://zellowmarksystems.example,India,KYC Verification,We are launching a payroll product and need a managed card issuing setup with go-live in Q3.,3,4.5,Neha,,,Not qualified
L-0222,2026-01-09 16:54:00,Docs Signup,Mei Okafor,mei.okafor@nettlebriskpay.example,Company,Nettlebrisk Pay,https://nettlebriskpay.example,Brazil,Lending - Credit Scoring,"Need a banking data API with SLA for our budgeting app, around 51M calls per day.",10,1.0,Unassigned,Won,18000.0,Qualified+
L-0223,2026-01-09 17:49:00,Website Contact Form,Ravi Tanaka,ravi629@throwaway.example,Disposable,,,Canada,Other,"Partnership proposal for fintech influencer marketing campaign, 500k reach.",1,,Unassigned,Spam,,Spam
L-0224,2026-01-10 06:26:00,Chat Widget,Zara Brown,zara.brown@letterdrop.example,Free,Quillmoor Commerce,,Turkey,Payments - Card Issuing,I am a student researching open banking for my thesis. Can you share some material?,3,62.7,Rahul,,,Unqualified
L-0225,2026-01-10 20:50:00,Chat Widget,Ivan Okafor,ivan.okafor@freemail.example,Free,Wyndlefoss Studio,,Singapore,KYC Verification,Are you hiring fintech developers? Please share openings.,3,120.3,Unassigned,Unqualified,,Unqualified
L-0226,2026-01-11 03:01:00,Website Contact Form,Kenji Costa,kenji761@listpeakdirectory.example,Company,Listpeak Directory,https://listpeakdirectory.example,South Korea,Other,"Exclusive investment opportunity with 300% returns, DM on telegram.",1,,Vikram,,,Spam
L-0227,2026-01-11 03:11:00,Pricing Page Form,Daniel Okafor,daniel.okafor@inboxly.example,Free,Glimmerfen Studio,,South Korea,Payments - Payouts,We are launching a marketplace product and need a managed payouts setup with go-live in Q3.,8,6.3,Rahul,Qualified,,Qualified+
L-0228,2026-01-13 09:40:00,Website Contact Form,Leon Silva,leon.silva@zellowmarkmoney.example,Company,Zellowmark Money,https://zellowmarkmoney.example,Nigeria,Lending - Loan Origination,"Migrating from another provider for our card program, need a quote this month.",1,4.0,Rahul,Unqualified,,Not qualified
L-0229,2026-01-13 21:57:00,Chat Widget,Ivan Berg,ivan823@letterdrop.example,Free,Listpeak Directory,,Nigeria,Other,"We are a dev agency from offshore, 20 fintech developers available at low rates.",2,,Neha,,,Spam
L-0230,2026-01-13 22:15:00,LinkedIn ABM,Elena Patel,elena.patel@freemail.example,Free,Dunmarrow Wallet,,Germany,Payments - Card Issuing,I am a student researching open banking for my thesis. Can you share some material?,4,43.3,Rahul,Unqualified,,Unqualified
L-0231,2026-01-14 16:53:00,Partner Referral,Ethan Sharma,ethan.sharma@rushbarrowlabs.example,Company,Rushbarrow Labs,https://rushbarrowlabs.example,UK,KYC Verification,"Migrating from another provider for our card program, need a quote this month.",12,9.2,Neha,Lost,,Qualified+
L-0232,2026-01-14 19:03:00,LinkedIn ABM,Elena Nguyen,elena.nguyen@postbox.example,Free,Orrowmere Studio,,Singapore,Other,"Just exploring, what does your company do?",1,17.5,Unassigned,,,Unqualified
L-0233,2026-01-14 19:04:00,Website Contact Form,Chloe Patel,chloe453@throwaway.example,Disposable,,,UK,Payments - Card Issuing,"Boost your Twitter followers and Telegram members, organic fintech marketing.",2,14.6,Unassigned,,,Spam
L-0234,2026-01-14 21:13:00,Website Contact Form,Sam Muller,sam715@quickdrop.example,Disposable,,,Switzerland,KYC Verification,"Get your app listing on top review sites in 48 hours, guaranteed. Contact our listing agent.",2,56.8,Vikram,,,Spam
L-0235,2026-01-16 05:52:00,Website Contact Form,Mateo Novak,mateo768@boostquillmedia.example,Company,Boostquill Media,https://boostquillmedia.example,UAE,Other,"Boost your Twitter followers and Telegram members, organic fintech marketing.",2,43.3,Unassigned,,,Spam
L-0236,2026-01-17 01:51:00,Docs Signup,Zara Lee,zara.lee@letterdrop.example,Free,,,Turkey,Payments - Card Issuing,Can I use your API for a personal budget tracker?,2,5.9,Unassigned,,,Unqualified
L-0237,2026-01-17 09:41:00,Website Contact Form,Zara Brown,zara.brown@nettlebrisklabs.example,Company,Nettlebrisk Labs,https://nettlebrisklabs.example,UAE,Banking Data API,Our team is building a lending product for small businesses. Need help with sandbox setup and credit rules. Timeline 2 to 3 months.,11,25.5,Unassigned,,,Qualified+
L-0238,2026-01-17 19:35:00,LinkedIn ABM,Hana Sharma,hana.sharma@brindlewickmoney.example,Company,Brindlewick Money,https://brindlewickmoney.example,Switzerland,Payments - Card Issuing,"Interested in learning about fintech, where do I start?",1,5.9,Vikram,Unqualified,,Unqualified
L-0239,2026-01-17 22:17:00,Docs Signup,Chloe Haddad,chloe.haddad@dunmarrowcommerce.example,Company,Dunmarrow Commerce,https://dunmarrowcommerce.example,Singapore,Lending - Loan Origination,Looking for pricing on KYC verification across 4 countries. Our current vendor keeps missing checks.,9,6.7,Unassigned,,,Qualified+
L-0240,2026-01-17 23:06:00,Chat Widget,Zara Lee,zara.lee@zellowmarkmoney.example,Company,Zellowmark Money,https://zellowmarkmoney.example,Switzerland,Banking Data API,"Interested in learning about fintech, where do I start?",2,16.7,Unassigned,,,Unqualified
L-0241,2026-01-18 02:45:00,Pricing Page Form,Aisha Okafor,aisha.okafor@yarrowtunmoney.example,Company,Yarrowtun Money,https://yarrowtunmoney.example,India,Banking Data API,Can I use your API for a personal budget tracker?,2,20.4,Vikram,Unqualified,,Unqualified
L-0242,2026-01-18 08:44:00,Chat Widget,Yuki Muller,yuki.muller@freemail.example,Free,,,Japan,KYC Verification,"Just exploring, what does your company do?",4,16.9,Rahul,,,Unqualified
L-0243,2026-01-18 22:27:00,Event,Daniel Costa,daniel.costa@vexmoorstudio.example,Company,Vexmoor Studio,https://vexmoorstudio.example,Brazil,Payments - Payouts,"Migrating from another provider for our card program, need a quote this month.",5,8.8,Vikram,Unqualified,,Not qualified
L-0244,2026-01-19 03:47:00,Website Contact Form,Ji-woo Rossi,ji-woo.rossi@freemail.example,Free,Nettlebrisk Pay,,Brazil,Banking Data API,Can I use your API for a personal budget tracker?,4,16.4,Unassigned,,,Unqualified
L-0245,2026-01-19 07:01:00,Docs Signup,Tariq Sharma,tariq.sharma@webmail.example,Free,,,India,Other,I am a student researching open banking for my thesis. Can you share some material?,1,88.8,Neha,,,Unqualified
L-0246,2026-01-19 13:44:00,Docs Signup,Lina Ivanova,lina848@inboxly.example,Free,Listpeak Directory,,Canada,KYC Verification,Claim your cashback reward now at the link below.,1,,Unassigned,Spam,,Spam
L-0247,2026-01-20 04:31:00,LinkedIn ABM,Yuki Haddad,yuki.haddad@freemail.example,Free,,,Japan,Banking Data API,Can I use your API for a personal budget tracker?,3,8.1,Rahul,Unqualified,,Unqualified
L-0248,2026-01-20 04:39:00,Chat Widget,Mei Brown,mei485@burnmail.example,Disposable,,,Germany,Payments - Card Issuing,asdf qwer,1,9.9,Neha,,,Spam
L-0249,2026-01-20 07:59:00,Chat Widget,Fatima Brown,arjun257@throwaway.example,Free,,,Nigeria,Other,We offer premium SEO backlinks and guest post services for fintech websites. Reply for rates.,1,30.2,Unassigned,,,Spam
L-0250,2026-01-20 13:18:00,LinkedIn ABM,Zara Tanaka,zara.tanaka@letterdrop.example,Free,Rushbarrow Capital,,Turkey,KYC Verification,I am a student researching open banking for my thesis. Can you share some material?,3,41.5,Unassigned,,,Unqualified
L-0251,2026-01-20 15:29:00,LinkedIn ABM,Lina Costa,lina.costa@inboxly.example,Free,Ostrivo Money,,USA,Payments - Card Issuing,Can I use your API for a personal budget tracker?,2,5.4,Neha,,,Unqualified
L-0252,2026-01-22 18:38:00,Website Contact Form,Priya Patel,priya316@webmail.example,Free,Boostquill Media,,UK,Payments - Card Issuing,hi,1,26.5,Rahul,Spam,,Spam
L-0253,2026-01-23 06:28:00,Website Contact Form,Ethan Okafor,ethan.okafor@letterdrop.example,Free,Vexmoor Bank,,Germany,Other,Can you give a free account for our hackathon project?,2,7.4,Vikram,,,Unqualified
L-0254,2026-01-23 18:21:00,LinkedIn ABM,Priya Costa,priya.costa@dunmarrowcapital.example,Company,Dunmarrow Capital,https://dunmarrowcapital.example,Germany,Banking Data API,"Need a banking data API with SLA for our budgeting app, around 68M calls per day.",10,5.8,Unassigned,,,Qualified+
L-0255,2026-01-23 23:05:00,Pricing Page Form,Aisha Rossi,aisha.rossi@nettlebrisksystems.example,Company,Nettlebrisk Systems,https://nettlebrisksystems.example,Switzerland,Banking Data API,We are launching a remittance product and need a managed card issuing setup with go-live in Q4.,4,59.0,Neha,Won,120000.0,Qualified+
L-0256,2026-01-24 02:14:00,Pricing Page Form,Mateo Rossi,mateo.rossi@sallowfennfinance.example,Company,Sallowfenn Finance,https://sallowfennfinance.example,UAE,Payments - Cross-Border,Evaluating cross-border providers for our BNPL app. Can we get a demo and a cost comparison?,6,7.4,Unassigned,,,Qualified+
L-0257,2026-01-24 13:01:00,Docs Signup,Lina Kim,lina332@postbox.example,Free,,,Switzerland,KYC Verification,asdf qwer,1,,Rahul,,,Spam
L-0258,2026-01-24 23:48:00,Docs Signup,Marco Costa,marco.costa@freemail.example,Free,,,Canada,Other,I am a student researching open banking for my thesis. Can you share some material?,2,9.3,Vikram,,,Unqualified
L-0259,2026-01-25 00:37:00,Website Contact Form,Grace Novak,noah877@letterdrop.example,Disposable,,,Switzerland,Other,"Exclusive investment opportunity with 300% returns, DM on telegram.",1,,Unassigned,Spam,,Spam
L-0260,2026-01-25 08:15:00,Partner Referral,Kenji Mehta,kenji.mehta@umberwickpay.example,Company,Umberwick Pay,https://umberwickpay.example,Japan,Lending - Credit Scoring,Evaluating card issuing providers for our loyalty app. Can we get a demo and a cost comparison?,8,5.4,Neha,Qualified,,Qualified+
L-0261,2026-01-25 10:51:00,Event,Grace Haddad,grace.haddad@larkspindlefinance.example,Company,Larkspindle Finance,https://larkspindlefinance.example,Switzerland,Banking Data API,We raised a seed round and plan to launch a digital savings platform for SMEs. Want to discuss infrastructure.,12,7.4,Rahul,Lost,,Qualified+
L-0262,2026-01-25 22:02:00,Website Contact Form,Nadia Garcia,nadia765@freemail.example,Free,Boostquill Media,,India,KYC Verification,Claim your cashback reward now at the link below.,2,,Rahul,Spam,,Spam
L-0263,2026-01-26 21:34:00,Event,Kenji Okafor,kenji.okafor@rushbarrowcapital.example,Company,Rushbarrow Capital,https://rushbarrowcapital.example,Nigeria,Payments - Payouts,"Need a banking data API with SLA for our budgeting app, around 13M calls per day.",11,6.6,Vikram,Qualified,,Qualified+
L-0264,2026-01-27 18:58:00,Pricing Page Form,Chloe Muller,chloe.muller@plumeridgebank.example,Company,Plumeridge Bank,https://plumeridgebank.example,Japan,Payments - Payouts,Evaluating payouts providers for our loyalty app. Can we get a demo and a cost comparison?,7,13.6,Vikram,Lost,,Qualified+
L-0265,2026-01-27 19:07:00,Event,Yuki Novak,yuki.novak@webmail.example,Free,Yarrowtun Wallet,,USA,Banking Data API,We raised a seed round and plan to launch a digital savings platform for SMEs. Want to discuss infrastructure.,4,19.2,Neha,Lost,,Qualified+
L-0266,2026-01-28 11:04:00,Website Contact Form,Ivan Muller,ivan.muller@quarrytidepay.example,Company,Quarrytide Pay,https://quarrytidepay.example,Brazil,Other,Can you give a free account for our hackathon project?,4,21.8,Neha,Unqualified,,Unqualified
L-0267,2026-01-28 19:56:00,Chat Widget,Arjun Nguyen,arjun65@codewhistleoutsourcing.example,Company,Codewhistle Outsourcing,https://codewhistleoutsourcing.example,Singapore,Other,"Get your app listing on top review sites in 48 hours, guaranteed. Contact our listing agent.",1,63.0,Rahul,,,Spam
L-0268,2026-01-29 10:28:00,Pricing Page Form,Yuki Patel,yuki.patel@postbox.example,Free,,,USA,KYC Verification,I am a student researching open banking for my thesis. Can you share some material?,3,15.2,Rahul,,,Unqualified
L-0269,2026-01-29 11:20:00,Docs Signup,Sofia Haddad,sofia835@codewhistleoutsourcing.example,Company,Codewhistle Outsourcing,https://codewhistleoutsourcing.example,UAE,Other,asdf qwer,2,,Neha,,,Spam
L-0270,2026-01-30 18:18:00,LinkedIn ABM,Noah Sharma,noah.sharma@yarrowtunbank.example,Company,Yarrowtun Bank,https://yarrowtunbank.example,Nigeria,Payments - Cross-Border,"Migrating from another provider for our card program, need a quote this month.",2,29.0,Vikram,Unqualified,,Not qualified
L-0271,2026-01-31 01:53:00,LinkedIn ABM,Lina Haddad,lina.haddad@letterdrop.example,Free,Yarrowtun Labs,,UK,KYC Verification,"Migrating from another provider for our card program, need a quote this month.",12,6.1,Unassigned,,,Qualified+
L-0272,2026-01-31 08:49:00,Partner Referral,Hana Okafor,hana.okafor@plumeridgepay.example,Company,Plumeridge Pay,https://plumeridgepay.example,Singapore,Payments - Card Issuing,We raised a seed round and plan to launch a digital savings platform for SMEs. Want to discuss infrastructure.,5,64.4,Neha,,,Qualified+
L-0273,2026-01-31 17:22:00,Website Contact Form,Grace Brown,ji-woo171@letterdrop.example,Free,Rankfarrow SEO Agency,,Brazil,Other,Claim your cashback reward now at the link below.,1,8.0,Rahul,Spam,,Spam
L-0274,2026-01-31 17:41:00,Chat Widget,Fatima Ivanova,fatima.ivanova@umberwickcapital.example,Company,Umberwick Capital,https://umberwickcapital.example,Germany,Payments - Payouts,"Migrating from another provider for our card program, need a quote this month.",4,9.9,Neha,Unqualified,,Not qualified
L-0275,2026-01-31 19:06:00,Website Contact Form,Sofia Nguyen,sofia.nguyen@pellowinmoney.example,Company,Pellowin Money,https://pellowinmoney.example,India,Banking Data API,Looking for pricing on KYC verification across 3 countries. Our current vendor keeps missing checks.,9,14.4,Unassigned,Lost,,Qualified+
L-0276,2026-01-31 22:58:00,Event,Kenji Okafor,kenji.okafor@sallowfenncommerce.example,Company,Sallowfenn Commerce,https://sallowfenncommerce.example,Nigeria,Payments - Payouts,"Migrating from another provider for our card program, need a quote this month.",1,33.9,Rahul,Unqualified,,Not qualified
L-0277,2026-02-01 01:47:00,Pricing Page Form,Chloe Berg,chloe.berg@inboxly.example,Free,,,UAE,Banking Data API,I am a student researching open banking for my thesis. Can you share some material?,1,4.7,Vikram,Unqualified,,Unqualified
L-0278,2026-02-01 02:40:00,Pricing Page Form,Ivan Novak,ivan.novak@nettlebriskfinance.example,Company,Nettlebrisk Finance,https://nettlebriskfinance.example,Germany,KYC Verification,We raised a seed round and plan to launch a digital savings platform for SMEs. Want to discuss infrastructure.,7,62.1,Unassigned,Won,60000.0,Qualified+
L-0279,2026-02-01 08:41:00,Website Contact Form,Aisha Tanaka,aisha240@hypemarrowpr.example,Company,Hypemarrow PR,https://hypemarrowpr.example,India,Other,"Boost your Twitter followers and Telegram members, organic fintech marketing.",2,,Rahul,,,Spam
L-0280,2026-02-03 21:36:00,Docs Signup,Ivan Silva,ivan.silva@freemail.example,Free,,,Nigeria,Other,"Just exploring, what does your company do?",2,21.6,Vikram,Unqualified,,Unqualified
L-0281,2026-02-06 10:19:00,Pricing Page Form,Mei Tanaka,mei.tanaka@thornlaceysystems.example,Company,Thornlacey Systems,https://thornlaceysystems.example,UK,KYC Verification,Can I use your API for a personal budget tracker?,2,5.3,Rahul,Unqualified,,Unqualified
L-0282,2026-02-06 13:34:00,LinkedIn ABM,Chloe Ivanova,chloe.ivanova@freemail.example,Free,Pellowin Commerce,,Canada,KYC Verification,Are you hiring fintech developers? Please share openings.,1,6.6,Vikram,Unqualified,,Unqualified
L-0283,2026-02-06 17:15:00,Website Contact Form,Mei Berg,mei303@quickdrop.example,Disposable,,,Switzerland,Payments - Card Issuing,"Partnership proposal for fintech influencer marketing campaign, 500k reach.",1,,Unassigned,,,Spam
L-0284,2026-02-06 22:09:00,Pricing Page Form,Nadia Tanaka,nadia.tanaka@larkspindlebank.example,Company,Larkspindle Bank,https://larkspindlebank.example,South Korea,KYC Verification,Looking for pricing on KYC verification across 5 countries. Our current vendor keeps missing checks.,6,7.8,Vikram,,,Qualified+
L-0285,2026-02-07 22:58:00,Event,Marco Berg,marco.berg@orrowmerecommerce.example,Company,Orrowmere Commerce,https://orrowmerecommerce.example,South Korea,Payments - Payouts,Looking for pricing on KYC verification across 2 countries. Our current vendor keeps missing checks.,12,60.6,Unassigned,,,Qualified+
L-0286,2026-02-08 22:16:00,Pricing Page Form,Arjun Sharma,arjun970@inboxly.example,Free,Boostquill Media,,Japan,KYC Verification,Claim your cashback reward now at the link below.,1,,Vikram,,,Spam
L-0287,2026-02-09 04:51:00,Website Contact Form,Arjun Kim,arjun.kim@inboxly.example,Free,,,Switzerland,Other,Can I use your API for a personal budget tracker?,2,5.9,Rahul,,,Unqualified
L-0288,2026-02-10 22:52:00,Chat Widget,Daniel Haddad,daniel.haddad@glimmerfenmoney.example,Company,Glimmerfen Money,https://glimmerfenmoney.example,Switzerland,Banking Data API,Can you give a free account for our hackathon project?,4,7.4,Vikram,,,Unqualified
L-0289,2026-02-11 13:39:00,Docs Signup,Ivan Rossi,ivan.rossi@freemail.example,Free,,,UK,Payments - Card Issuing,"Interested in learning about fintech, where do I start?",1,14.1,Rahul,Unqualified,,Unqualified
L-0290,2026-02-12 04:09:00,Chat Widget,Ji-woo Chen,ji-woo856@webmail.example,Free,,,Singapore,Other,"We are a dev agency from offshore, 20 fintech developers available at low rates.",1,6.3,Unassigned,,,Spam
L-0291,2026-02-12 09:46:00,Website Contact Form,Marco Muller,tariq279@throwaway.example,Disposable,,,Switzerland,Other,"Boost your Twitter followers and Telegram members, organic fintech marketing.",2,62.0,Neha,,,Spam
L-0292,2026-02-13 02:12:00,Website Contact Form,Chloe Nguyen,chloe.nguyen@kestralithpay.example,Company,Kestralith Pay,https://kestralithpay.example,Switzerland,Banking Data API,I am a student researching open banking for my thesis. Can you share some material?,2,10.5,Neha,Unqualified,,Unqualified
L-0293,2026-02-13 05:24:00,Partner Referral,Mei Mehta,mei.mehta@ostrivofinance.example,Company,Ostrivo Finance,https://ostrivofinance.example,Vietnam,Lending - Loan Origination,Looking for pricing on KYC verification across 4 countries. Our current vendor keeps missing checks.,6,20.3,Rahul,Lost,,Qualified+
L-0294,2026-02-13 22:22:00,Website Contact Form,Lina Okafor,lina.okafor@freemail.example,Free,Orrowmere Wallet,,Japan,Other,"Just exploring, what does your company do?",3,21.6,Neha,Unqualified,,Unqualified
L-0295,2026-02-13 23:53:00,Chat Widget,Ananya Kim,ananya174@quickdrop.example,Disposable,,,Japan,KYC Verification,"Boost your Twitter followers and Telegram members, organic fintech marketing.",1,23.9,Unassigned,Spam,,Spam
L-0296,2026-02-14 12:30:00,LinkedIn ABM,Ravi Tanaka,ravi.tanaka@inboxly.example,Free,,,UK,Banking Data API,"Interested in learning about fintech, where do I start?",4,10.7,Neha,Unqualified,,Unqualified
L-0297,2026-02-14 13:54:00,Website Contact Form,Ji-woo Rossi,ji-woo291@inboxly.example,Free,Rankfarrow SEO Agency,,Vietnam,Payments - Card Issuing,"Exclusive investment opportunity with 300% returns, DM on telegram.",2,9.5,Unassigned,Spam,,Spam
L-0298,2026-02-14 14:54:00,Pricing Page Form,Zara Haddad,zara.haddad@webmail.example,Free,Thornlacey Bank,,Japan,Payments - Cross-Border,We are launching a marketplace product and need a managed cross-border setup with go-live in Q1.,1,61.8,Unassigned,Unqualified,,Not qualified
L-0299,2026-02-17 04:45:00,Docs Signup,Ethan Muller,leon537@postbox.example,Free,,,Vietnam,Payments - Card Issuing,asdf qwer,1,,Rahul,Spam,,Spam
L-0300,2026-02-17 15:58:00,LinkedIn ABM,Hana Khan,hana.khan@webmail.example,Free,Sallowfenn Systems,,UK,Banking Data API,I am a student researching open banking for my thesis. Can you share some material?,3,15.3,Neha,,,Unqualified
L-0301,2026-02-17 17:38:00,Pricing Page Form,Sofia Sharma,sofia.sharma@inboxly.example,Free,Vexmoor Systems,,UK,Payments - Card Issuing,"Interested in learning about fintech, where do I start?",3,28.7,Rahul,Unqualified,,Unqualified
L-0302,2026-02-18 09:22:00,LinkedIn ABM,Aisha Garcia,aisha.garcia@webmail.example,Free,Dunmarrow Pay,,Germany,Lending - Credit Scoring,"Need a banking data API with SLA for our budgeting app, around 19M calls per day.",2,44.8,Unassigned,Open,,Not qualified
L-0303,2026-02-19 06:16:00,Website Contact Form,Noah Patel,noah26@postbox.example,Free,Rankfarrow SEO Agency,,Switzerland,Payments - Card Issuing,hi,1,14.3,Unassigned,Spam,,Spam
L-0304,2026-02-19 12:38:00,Website Contact Form,Omar Rossi,chloe874@quickdrop.example,Company,Listpeak Directory,https://listpeakdirectory.example,USA,Payments - Card Issuing,Claim your cashback reward now at the link below.,2,72.6,Neha,,,Spam
L-0305,2026-02-19 20:10:00,Website Contact Form,Grace Tanaka,grace.tanaka@postbox.example,Free,Hollowquay Capital,,Germany,KYC Verification,Looking for pricing on KYC verification across 4 countries. Our current vendor keeps missing checks.,2,4.4,Unassigned,Open,,Not qualified
L-0306,2026-02-20 02:23:00,Website Contact Form,Noah Ivanova,noah.ivanova@webmail.example,Free,Dunmarrow Finance,,South Korea,Other,I am a student researching open banking for my thesis. Can you share some material?,1,28.6,Rahul,Unqualified,,Unqualified
L-0307,2026-02-20 09:27:00,LinkedIn ABM,Fatima Khan,fatima.khan@freemail.example,Free,,,USA,Payments - Card Issuing,Can you give a free account for our hackathon project?,3,3.9,Unassigned,Unqualified,,Unqualified
L-0308,2026-02-21 06:29:00,Website Contact Form,Mateo Mehta,sam972@tempinbox.example,Company,Listpeak Directory,https://listpeakdirectory.example,Turkey,Other,"Get your app listing on top review sites in 48 hours, guaranteed. Contact our listing agent.",1,43.4,Rahul,Spam,,Spam
L-0309,2026-02-21 08:03:00,LinkedIn ABM,Sofia Lee,sofia.lee@sallowfennpay.example,Company,Sallowfenn Pay,https://sallowfennpay.example,UAE,Lending - Credit Scoring,"Migrating from another provider for our card program, need a quote this month.",9,11.8,Rahul,,,Qualified+
L-0310,2026-02-21 10:37:00,Website Contact Form,Nadia Tanaka,nadia.tanaka@tarnvalecommerce.example,Company,Tarnvale Commerce,https://tarnvalecommerce.example,Brazil,Lending - Credit Scoring,We are launching a payroll product and need a managed card issuing setup with go-live in Q4.,12,5.5,Unassigned,,,Qualified+
L-0311,2026-02-21 10:41:00,Event,Felix Brown,felix.brown@quillmoormoney.example,Company,Quillmoor Money,https://quillmoormoney.example,Germany,KYC Verification,Looking for pricing on KYC verification across 6 countries. Our current vendor keeps missing checks.,3,8.3,Rahul,,,Qualified+
L-0312,2026-02-21 11:09:00,Pricing Page Form,Arjun Muller,arjun.muller@postbox.example,Free,Yarrowtun Capital,,Canada,KYC Verification,"Just exploring, what does your company do?",3,4.1,Rahul,Unqualified,,Unqualified
L-0313,2026-02-21 23:20:00,Website Contact Form,Omar Berg,omar421@burnmail.example,Disposable,,,USA,Payments - Card Issuing,test,1,,Unassigned,Spam,,Spam
L-0314,2026-02-22 00:40:00,Chat Widget,Grace Okafor,grace601@burnmail.example,Disposable,,,Nigeria,Other,"Get your app listing on top review sites in 48 hours, guaranteed. Contact our listing agent.",1,,Unassigned,Spam,,Spam
L-0315,2026-02-22 04:57:00,Event,Leon Chen,leon.chen@hollowquaylabs.example,Company,Hollowquay Labs,https://hollowquaylabs.example,UK,Payments - Card Issuing,I am a student researching open banking for my thesis. Can you share some material?,3,14.1,Vikram,,,Unqualified
L-0316,2026-02-23 06:56:00,Website Contact Form,Nadia Berg,nadia741@webmail.example,Free,Listpeak Directory,,Switzerland,Payments - Card Issuing,asdf qwer,2,,Neha,,,Spam
L-0317,2026-02-23 19:54:00,Website Contact Form,Lina Muller,lina108@codewhistleoutsourcing.example,Company,Codewhistle Outsourcing,https://codewhistleoutsourcing.example,Switzerland,Other,asdf qwer,1,,Unassigned,Spam,,Spam
L-0318,2026-02-25 17:48:00,Chat Widget,Mateo Lee,mateo163@quickdrop.example,Disposable,,,Turkey,Other,hi,1,43.3,Unassigned,Spam,,Spam
L-0319,2026-02-26 00:39:00,Chat Widget,Sofia Mehta,sofia558@postbox.example,Free,,,Brazil,KYC Verification,test,2,,Unassigned,,,Spam
L-0320,2026-02-26 03:49:00,Website Contact Form,Marco Lee,lucas634@boostquillmedia.example,Company,Listpeak Directory,https://listpeakdirectory.example,Singapore,Other,test,2,39.2,Vikram,,,Spam
L-0321,2026-02-26 18:28:00,LinkedIn ABM,Elena Haddad,elena.haddad@webmail.example,Free,Yarrowtun Studio,,Turkey,KYC Verification,Can you give a free account for our hackathon project?,2,24.4,Vikram,Unqualified,,Unqualified
L-0322,2026-02-28 02:49:00,LinkedIn ABM,Marco Sharma,marco.sharma@webmail.example,Free,,,Vietnam,Other,Can you give a free account for our hackathon project?,2,12.5,Neha,,,Unqualified
L-0323,2026-03-01 04:08:00,Partner Referral,Hana Novak,hana.novak@tarnvalepay.example,Company,Tarnvale Pay,https://tarnvalepay.example,Canada,KYC Verification,Can I use your API for a personal budget tracker?,4,49.8,Neha,Unqualified,,Unqualified
L-0324,2026-03-01 05:00:00,Event,Arjun Novak,arjun.novak@plumeridgelabs.example,Company,Plumeridge Labs,https://plumeridgelabs.example,Canada,Payments - Payouts,Our team is building a lending product for small businesses. Need help with sandbox setup and credit rules. Timeline 2 to 3 months.,6,3.9,Rahul,Won,48000.0,Qualified+
L-0325,2026-03-01 17:43:00,Chat Widget,Ethan Okafor,ethan688@postbox.example,Free,Boostquill Media,,Japan,Other,We offer premium SEO backlinks and guest post services for fintech websites. Reply for rates.,1,7.7,Rahul,Spam,,Spam
L-0326,2026-03-03 02:00:00,Pricing Page Form,Marco Okafor,ji-woo171@letterdrop.example,Free,Rankfarrow SEO Agency,,Singapore,Other,"Partnership proposal for fintech influencer marketing campaign, 500k reach.",2,,Rahul,Spam,,Spam
L-0327,2026-03-06 04:10:00,Pricing Page Form,Omar Mehta,omar.mehta@postbox.example,Free,,,Japan,Banking Data API,Are you hiring fintech developers? Please share openings.,4,6.2,Unassigned,Unqualified,,Unqualified
L-0328,2026-03-06 13:58:00,Website Contact Form,Aisha Okafor,aisha.okafor@plumeridgebank.example,Company,Plumeridge Bank,https://plumeridgebank.example,South Korea,Payments - Card Issuing,Evaluating card issuing providers for our marketplace app. Can we get a demo and a cost comparison?,5,20.1,Vikram,Open,,Not qualified
L-0329,2026-03-06 14:54:00,Chat Widget,Hana Muller,hana759@boostquillmedia.example,Company,Boostquill Media,https://boostquillmedia.example,Switzerland,Other,"Boost your Twitter followers and Telegram members, organic fintech marketing.",2,45.9,Rahul,,,Spam
L-0330,2026-03-07 00:32:00,Chat Widget,Ethan Garcia,ethan.garcia@webmail.example,Free,Dunmarrow Bank,,Germany,Payments - Card Issuing,I am a student researching open banking for my thesis. Can you share some material?,3,8.7,Neha,Unqualified,,Unqualified
L-0331,2026-03-07 03:39:00,LinkedIn ABM,Ivan Haddad,ivan.haddad@yarrowtunstudio.example,Company,Yarrowtun Studio,https://yarrowtunstudio.example,USA,Lending - Loan Origination,"Need a banking data API with SLA for our budgeting app, around 34M calls per day.",11,16.1,Unassigned,Lost,,Qualified+
L-0332,2026-03-07 10:16:00,Website Contact Form,Ethan Ivanova,ethan567@tempinbox.example,Disposable,,,Canada,Payments - Card Issuing,"Get your app listing on top review sites in 48 hours, guaranteed. Contact our listing agent.",2,34.1,Unassigned,,,Spam
L-0333,2026-03-08 07:13:00,Pricing Page Form,Elena Tanaka,elena.tanaka@postbox.example,Free,,,UAE,Banking Data API,"Interested in learning about fintech, where do I start?",1,58.3,Neha,Unqualified,,Unqualified
L-0334,2026-03-08 17:17:00,Website Contact Form,Felix Costa,felix.costa@letterdrop.example,Free,Marrowgate Money,,Turkey,KYC Verification,Our team is building a lending product for small businesses. Need help with sandbox setup and credit rules. Timeline 2 to 3 months.,4,18.9,Rahul,Open,,Not qualified
L-0335,2026-03-09 17:13:00,Docs Signup,Grace Brown,grace.brown@freemail.example,Free,,,Nigeria,KYC Verification,"Interested in learning about fintech, where do I start?",3,16.2,Neha,,,Unqualified
L-0336,2026-03-10 22:20:00,Website Contact Form,Ananya Patel,ananya93@listpeakdirectory.example,Company,Listpeak Directory,https://listpeakdirectory.example,UK,Payments - Card Issuing,"Boost your Twitter followers and Telegram members, organic fintech marketing.",2,,Unassigned,Spam,,Spam
L-0337,2026-03-11 05:16:00,Chat Widget,Grace Chen,grace578@listpeakdirectory.example,Company,Listpeak Directory,https://listpeakdirectory.example,UAE,Payments - Card Issuing,"Partnership proposal for fintech influencer marketing campaign, 500k reach.",1,,Neha,,,Spam
L-0338,2026-03-12 10:07:00,Docs Signup,Tariq Chen,tariq625@vanishmail.example,Disposable,,,India,Payments - Card Issuing,hi,1,77.7,Unassigned,,,Spam
L-0339,2026-03-12 17:34:00,Website Contact Form,Fatima Okafor,fatima441@postbox.example,Free,Rankfarrow SEO Agency,,Canada,KYC Verification,We offer premium SEO backlinks and guest post services for fintech websites. Reply for rates.,1,49.7,Rahul,,,Spam
L-0340,2026-03-13 05:10:00,Chat Widget,Sofia Lee,sofia.lee@inboxly.example,Free,Glimmerfen Money,,Vietnam,Payments - Payouts,Looking for pricing on KYC verification across 2 countries. Our current vendor keeps missing checks.,5,18.6,Neha,,,Not qualified
L-0341,2026-03-13 22:25:00,Docs Signup,Sofia Mehta,sofia.mehta@orrowmerecapital.example,Company,Orrowmere Capital,https://orrowmerecapital.example,Brazil,KYC Verification,"Interested in learning about fintech, where do I start?",1,24.9,Rahul,,,Unqualified
L-0342,2026-03-15 04:50:00,LinkedIn ABM,Lina Silva,lina.silva@marrowgatestudio.example,Company,Marrowgate Studio,https://marrowgatestudio.example,Singapore,Other,"Just exploring, what does your company do?",3,4.4,Neha,Unqualified,,Unqualified
L-0343,2026-03-16 02:30:00,Website Contact Form,Nadia Lee,nadia13@quickdrop.example,Disposable,,,Nigeria,Payments - Card Issuing,"Boost your Twitter followers and Telegram members, organic fintech marketing.",1,16.5,Rahul,Spam,,Spam
L-0344,2026-03-16 06:09:00,Event,Sam Novak,sam.novak@marrowgatelabs.example,Company,Marrowgate Labs,https://marrowgatelabs.example,Brazil,Payments - Payouts,"Need a banking data API with SLA for our budgeting app, around 27M calls per day.",2,34.3,Rahul,Unqualified,,Not qualified
L-0345,2026-03-16 23:17:00,Chat Widget,Lucas Garcia,lucas834@quickdrop.example,Disposable,,,Turkey,KYC Verification,test,1,53.2,Unassigned,Spam,,Spam
L-0346,2026-03-17 06:55:00,Event,Ethan Lee,ethan.lee@nettlebriskmoney.example,Company,Nettlebrisk Money,https://nettlebriskmoney.example,Germany,Banking Data API,We raised a seed round and plan to launch a digital savings platform for SMEs. Want to discuss infrastructure.,3,14.1,Rahul,Unqualified,,Not qualified
L-0347,2026-03-17 17:34:00,Chat Widget,Noah Garcia,noah.garcia@letterdrop.example,Free,Tarnvale Money,,Vietnam,Lending - Credit Scoring,Looking for pricing on KYC verification across 2 countries. Our current vendor keeps missing checks.,3,72.8,Unassigned,,,Not qualified
L-0348,2026-03-18 06:26:00,Partner Referral,Zara Garcia,zara.garcia@vexmoorcommerce.example,Company,Vexmoor Commerce,https://vexmoorcommerce.example,UK,Lending - Credit Scoring,"Migrating from another provider for our card program, need a quote this month.",8,16.0,Unassigned,,,Qualified+
L-0349,2026-03-18 17:39:00,Website Contact Form,Sofia Mehta,lucas96@letterdrop.example,Free,Boostquill Media,,Vietnam,KYC Verification,asdf qwer,2,,Rahul,Spam,,Spam
L-0350,2026-03-18 19:55:00,Partner Referral,Hana Silva,hana.silva@glimmerfensystems.example,Company,Glimmerfen Systems,https://glimmerfensystems.example,Japan,Payments - Cross-Border,We raised a seed round and plan to launch a digital savings platform for SMEs. Want to discuss infrastructure.,12,13.6,Unassigned,Qualified,,Qualified+
L-0351,2026-03-19 01:17:00,Website Contact Form,Arjun Mehta,arjun512@postbox.example,Free,Rankfarrow SEO Agency,,Vietnam,Other,Claim your cashback reward now at the link below.,1,67.8,Unassigned,Spam,,Spam
L-0352,2026-03-19 07:26:00,Website Contact Form,Mei Haddad,mei820@webmail.example,Free,Listpeak Directory,,South Korea,Other,We offer premium SEO backlinks and guest post services for fintech websites. Reply for rates.,1,16.9,Unassigned,,,Spam
L-0353,2026-03-19 12:46:00,Docs Signup,Sam Nguyen,sam.nguyen@letterdrop.example,Free,Quillmoor Wallet,,Brazil,KYC Verification,Can I use your API for a personal budget tracker?,1,72.0,Rahul,Unqualified,,Unqualified
L-0354,2026-03-19 13:18:00,LinkedIn ABM,Daniel Khan,daniel.khan@webmail.example,Free,,,South Korea,Payments - Card Issuing,"Interested in learning about fintech, where do I start?",2,116.0,Unassigned,Unqualified,,Unqualified
L-0355,2026-03-20 03:35:00,Website Contact Form,Leon Brown,leon449@inboxly.example,Free,Rankfarrow SEO Agency,,Switzerland,Payments - Card Issuing,"We are a dev agency from offshore, 20 fintech developers available at low rates.",2,37.9,Unassigned,Spam,,Spam
L-0356,2026-03-20 16:58:00,Website Contact Form,Sofia Chen,sofia.chen@pellowinpay.example,Company,Pellowin Pay,https://pellowinpay.example,USA,Payments - Virtual Accounts,"Need a banking data API with SLA for our budgeting app, around 10M calls per day.",12,17.1,Vikram,Won,60000.0,Qualified+
L-0357,2026-03-22 04:12:00,LinkedIn ABM,Kenji Ivanova,kenji.ivanova@kestralithcapital.example,Company,Kestralith Capital,https://kestralithcapital.example,Switzerland,Payments - Cross-Border,Our team is building a lending product for small businesses. Need help with sandbox setup and credit rules. Timeline 2 to 3 months.,1,33.7,Vikram,Open,,Not qualified
L-0358,2026-03-23 08:04:00,Chat Widget,Hana Mehta,hana341@inboxly.example,Free,Listpeak Directory,,India,Other,"Get your app listing on top review sites in 48 hours, guaranteed. Contact our listing agent.",2,,Rahul,Spam,,Spam
L-0359,2026-03-24 05:34:00,Chat Widget,Kenji Tanaka,kenji.tanaka@freemail.example,Free,Quarrytide Money,,Vietnam,Payments - Card Issuing,Are you hiring fintech developers? Please share openings.,1,21.6,Unassigned,,,Unqualified
L-0360,2026-03-25 06:23:00,Website Contact Form,Grace Patel,grace428@burnmail.example,Disposable,,,Singapore,Other,Claim your cashback reward now at the link below.,2,,Rahul,,,Spam
L-0361,2026-03-25 09:37:00,Website Contact Form,Sam Costa,sam720@inboxly.example,Free,,,Nigeria,KYC Verification,test,1,,Rahul,Spam,,Spam
L-0362,2026-03-25 10:36:00,Pricing Page Form,Chloe Kim,chloe.kim@yarrowtunwallet.example,Company,Yarrowtun Wallet,https://yarrowtunwallet.example,Nigeria,KYC Verification,Can you give a free account for our hackathon project?,1,6.1,Vikram,,,Unqualified
L-0363,2026-03-25 18:01:00,Chat Widget,Fatima Muller,sofia873@burnmail.example,Disposable,,,Canada,Payments - Card Issuing,hi,2,113.0,Rahul,,,Spam
L-0364,2026-03-25 19:43:00,Website Contact Form,Omar Tanaka,mateo396@tempinbox.example,Free,,,UAE,Other,"Get your app listing on top review sites in 48 hours, guaranteed. Contact our listing agent.",1,9.3,Unassigned,Spam,,Spam
L-0365,2026-03-26 02:44:00,Chat Widget,Arjun Garcia,arjun.garcia@postbox.example,Free,Zellowmark Bank,,Switzerland,Banking Data API,I am a student researching open banking for my thesis. Can you share some material?,4,109.1,Rahul,Unqualified,,Unqualified
L-0366,2026-03-26 10:55:00,Pricing Page Form,Yuki Costa,zara943@webmail.example,Company,Listpeak Directory,https://listpeakdirectory.example,South Korea,KYC Verification,"Boost your Twitter followers and Telegram members, organic fintech marketing.",1,,Rahul,Spam,,Spam
L-0367,2026-03-26 15:13:00,Docs Signup,Fatima Berg,fatima.berg@inboxly.example,Free,,,Singapore,Banking Data API,Can you give a free account for our hackathon project?,2,68.9,Vikram,,,Unqualified
L-0368,2026-03-26 17:27:00,Pricing Page Form,Priya Nguyen,priya68@listpeakdirectory.example,Company,Listpeak Directory,https://listpeakdirectory.example,Brazil,Other,"Get your app listing on top review sites in 48 hours, guaranteed. Contact our listing agent.",1,,Unassigned,,,Spam
L-0369,2026-03-26 19:57:00,Website Contact Form,Grace Haddad,grace.haddad@letterdrop.example,Free,,,UK,Banking Data API,"Interested in learning about fintech, where do I start?",3,4.4,Vikram,Unqualified,,Unqualified
L-0370,2026-03-26 20:35:00,Pricing Page Form,Nadia Ivanova,nadia.ivanova@umberwicksystems.example,Company,Umberwick Systems,https://umberwicksystems.example,Turkey,Payments - Cross-Border,Looking for pricing on KYC verification across 6 countries. Our current vendor keeps missing checks.,6,3.6,Vikram,Lost,,Qualified+
L-0371,2026-03-27 22:15:00,Chat Widget,Tariq Rossi,elena60@vanishmail.example,Disposable,,,Canada,Other,"Exclusive investment opportunity with 300% returns, DM on telegram.",2,11.2,Rahul,Spam,,Spam
L-0372,2026-03-27 23:11:00,Chat Widget,Omar Khan,omar.khan@wyndlefosswallet.example,Company,Wyndlefoss Wallet,https://wyndlefosswallet.example,Germany,KYC Verification,"Just exploring, what does your company do?",2,71.5,Neha,,,Unqualified
L-0373,2026-03-28 00:06:00,Pricing Page Form,Nadia Mehta,nadia.mehta@zellowmarkcommerce.example,Company,Zellowmark Commerce,https://zellowmarkcommerce.example,Brazil,Payments - Virtual Accounts,We raised a seed round and plan to launch a digital savings platform for SMEs. Want to discuss infrastructure.,12,18.2,Neha,Qualified,,Qualified+
L-0374,2026-03-28 17:56:00,Website Contact Form,Noah Okafor,noah.okafor@inboxly.example,Free,Ferrowind Money,,Singapore,Payments - Card Issuing,Can you give a free account for our hackathon project?,4,10.7,Rahul,Unqualified,,Unqualified
L-0375,2026-03-29 09:05:00,Website Contact Form,Leon Sharma,sam972@tempinbox.example,Free,,,Singapore,Other,"Partnership proposal for fintech influencer marketing campaign, 500k reach.",2,,Rahul,Spam,,Spam
L-0376,2026-03-29 19:17:00,LinkedIn ABM,Leon Nguyen,leon.nguyen@glimmerfenpay.example,Company,Glimmerfen Pay,https://glimmerfenpay.example,Brazil,Payments - Cross-Border,We raised a seed round and plan to launch a digital savings platform for SMEs. Want to discuss infrastructure.,5,22.3,Vikram,,,Qualified+
L-0377,2026-03-29 21:43:00,Docs Signup,Omar Sharma,omar.sharma@webmail.example,Free,Plumeridge Wallet,,Vietnam,KYC Verification,"Just exploring, what does your company do?",3,63.5,Rahul,Unqualified,,Unqualified
L-0378,2026-03-30 08:43:00,Docs Signup,Noah Patel,noah.patel@inboxly.example,Free,,,Brazil,Other,"Just exploring, what does your company do?",4,2.6,Neha,Unqualified,,Unqualified
L-0379,2026-03-30 22:31:00,Partner Referral,Fatima Haddad,fatima.haddad@wyndlefosswallet.example,Company,Wyndlefoss Wallet,https://wyndlefosswallet.example,Singapore,Payments - Virtual Accounts,Our team is building a lending product for small businesses. Need help with sandbox setup and credit rules. Timeline 2 to 3 months.,7,5.4,Unassigned,Won,120000.0,Qualified+
L-0380,2026-03-31 13:53:00,Website Contact Form,Priya Haddad,priya.haddad@juniperholtfinance.example,Company,Juniperholt Finance,https://juniperholtfinance.example,Brazil,Payments - Cross-Border,Our team is building a lending product for small businesses. Need help with sandbox setup and credit rules. Timeline 2 to 3 months.,5,2.7,Unassigned,Open,,Not qualified
L-0381,2026-03-31 16:07:00,Website Contact Form,Kenji Garcia,kenji596@letterdrop.example,Free,,,Canada,Payments - Card Issuing,"Boost your Twitter followers and Telegram members, organic fintech marketing.",1,,Unassigned,Spam,,Spam
L-0382,2026-04-01 08:43:00,Chat Widget,Ananya Kim,ananya.kim@brindlewickpay.example,Company,Brindlewick Pay,https://brindlewickpay.example,Brazil,KYC Verification,We are launching a marketplace product and need a managed card issuing setup with go-live in Q4.,9,18.4,Neha,Qualified,,Qualified+
L-0383,2026-04-01 20:03:00,Pricing Page Form,Ivan Tanaka,ivan.tanaka@juniperholtmoney.example,Company,Juniperholt Money,https://juniperholtmoney.example,Japan,Other,I am a student researching open banking for my thesis. Can you share some material?,2,3.9,Rahul,Unqualified,,Unqualified
L-0384,2026-04-02 18:46:00,Chat Widget,Zara Mehta,zara.mehta@webmail.example,Free,Dunmarrow Labs,,USA,Other,"Just exploring, what does your company do?",3,14.8,Vikram,Unqualified,,Unqualified
L-0385,2026-04-03 06:31:00,Pricing Page Form,Fatima Sharma,fatima.sharma@tarnvalestudio.example,Company,Tarnvale Studio,https://tarnvalestudio.example,Nigeria,Lending - Loan Origination,We are launching a marketplace product and need a managed card issuing setup with go-live in Q3.,3,6.7,Rahul,,,Not qualified
L-0386,2026-04-03 06:51:00,Website Contact Form,Hana Muller,hana.muller@yarrowtunpay.example,Company,Yarrowtun Pay,https://yarrowtunpay.example,Switzerland,Payments - Virtual Accounts,Looking for pricing on KYC verification across 4 countries. Our current vendor keeps missing checks.,10,40.2,Neha,Won,36000.0,Qualified+
L-0387,2026-04-03 18:43:00,Partner Referral,Arjun Berg,arjun.berg@plumeridgelabs.example,Company,Plumeridge Labs,https://plumeridgelabs.example,Canada,Lending - Loan Origination,Our team is building a lending product for small businesses. Need help with sandbox setup and credit rules. Timeline 2 to 3 months.,9,6.3,Neha,,,Qualified+
L-0388,2026-04-03 22:12:00,Pricing Page Form,Nadia Haddad,nadia415@inboxly.example,Free,Listpeak Directory,,USA,KYC Verification,"Boost your Twitter followers and Telegram members, organic fintech marketing.",1,24.3,Unassigned,,,Spam
L-0389,2026-04-04 15:09:00,Website Contact Form,Elena Tanaka,elena.tanaka@juniperholtpay.example,Company,Juniperholt Pay,https://juniperholtpay.example,Canada,Lending - Credit Scoring,We raised a seed round and plan to launch a digital savings platform for SMEs. Want to discuss infrastructure.,3,5.0,Rahul,,,Qualified+
L-0390,2026-04-05 09:50:00,Partner Referral,Yuki Lee,yuki.lee@quarrytidestudio.example,Company,Quarrytide Studio,https://quarrytidestudio.example,Germany,Banking Data API,Are you hiring fintech developers? Please share openings.,3,15.7,Unassigned,,,Unqualified
L-0391,2026-04-05 11:53:00,LinkedIn ABM,Ji-woo Garcia,ji-woo.garcia@wyndlefosspay.example,Company,Wyndlefoss Pay,https://wyndlefosspay.example,Germany,Payments - Payouts,Our team is building a lending product for small businesses. Need help with sandbox setup and credit rules. Timeline 2 to 3 months.,4,18.0,Vikram,,,Qualified+
L-0392,2026-04-05 23:00:00,Docs Signup,Priya Brown,priya.brown@inboxly.example,Free,Tarnvale Commerce,,Germany,Banking Data API,I am a student researching open banking for my thesis. Can you share some material?,1,16.4,Vikram,,,Unqualified
L-0393,2026-04-05 23:00:00,Website Contact Form,Leon Khan,leon352@codewhistleoutsourcing.example,Company,Codewhistle Outsourcing,https://codewhistleoutsourcing.example,Germany,KYC Verification,asdf qwer,2,,Rahul,Spam,,Spam
L-0394,2026-04-07 05:44:00,Docs Signup,Priya Patel,priya.patel@webmail.example,Free,Dunmarrow Systems,,Turkey,Banking Data API,"Migrating from another provider for our card program, need a quote this month.",11,32.0,Vikram,Lost,,Qualified+
L-0395,2026-04-08 13:25:00,Pricing Page Form,Ethan Nguyen,ethan.nguyen@ostrivolabs.example,Company,Ostrivo Labs,https://ostrivolabs.example,UAE,Payments - Cross-Border,Our team is building a lending product for small businesses. Need help with sandbox setup and credit rules. Timeline 2 to 3 months.,10,6.0,Rahul,,,Qualified+
L-0396,2026-04-08 15:46:00,Docs Signup,Omar Nguyen,kenji862@listpeakdirectory.example,Company,Listpeak Directory,https://listpeakdirectory.example,Japan,Other,"Exclusive investment opportunity with 300% returns, DM on telegram.",2,,Unassigned,,,Spam
L-0397,2026-04-08 16:15:00,Website Contact Form,Priya Okafor,priya87@freemail.example,Free,,,Vietnam,KYC Verification,"We are a dev agency from offshore, 20 fintech developers available at low rates.",2,,Rahul,Spam,,Spam
L-0398,2026-04-08 22:29:00,Partner Referral,Yuki Garcia,yuki.garcia@wyndlefosspay.example,Company,Wyndlefoss Pay,https://wyndlefosspay.example,South Korea,Payments - Virtual Accounts,"Need a banking data API with SLA for our budgeting app, around 48M calls per day.",10,35.7,Unassigned,Qualified,,Qualified+
L-0399,2026-04-09 03:36:00,Website Contact Form,Sofia Tanaka,sofia.tanaka@vexmoorpay.example,Company,Vexmoor Pay,https://vexmoorpay.example,UK,Banking Data API,Evaluating card issuing providers for our payroll app. Can we get a demo and a cost comparison?,10,2.3,Unassigned,Lost,,Qualified+
L-0400,2026-04-09 10:52:00,Pricing Page Form,Aisha Berg,aisha.berg@postbox.example,Free,Sallowfenn Commerce,,USA,Payments - Cross-Border,Looking for pricing on KYC verification across 2 countries. Our current vendor keeps missing checks.,2,13.7,Vikram,,,Not qualified
L-0401,2026-04-09 12:26:00,Website Contact Form,Leon Khan,leon537@postbox.example,Free,,,USA,KYC Verification,"Partnership proposal for fintech influencer marketing campaign, 500k reach.",1,61.2,Vikram,,,Spam
L-0402,2026-04-10 06:03:00,LinkedIn ABM,Mateo Silva,mateo.silva@juniperholtcapital.example,Company,Juniperholt Capital,https://juniperholtcapital.example,Switzerland,KYC Verification,"Interested in learning about fintech, where do I start?",3,14.3,Neha,Unqualified,,Unqualified
L-0403,2026-04-10 19:18:00,Event,Aisha Ivanova,aisha.ivanova@webmail.example,Free,Larkspindle Finance,,South Korea,Payments - Cross-Border,Evaluating cross-border providers for our remittance app. Can we get a demo and a cost comparison?,5,7.7,Rahul,,,Not qualified
L-0404,2026-04-11 00:17:00,Event,Noah Berg,noah.berg@postbox.example,Free,,,India,KYC Verification,"Just exploring, what does your company do?",1,7.7,Unassigned,,,Unqualified
L-0405,2026-04-11 03:08:00,Event,Elena Sharma,elena.sharma@webmail.example,Free,Glimmerfen Wallet,,Japan,Banking Data API,Can I use your API for a personal budget tracker?,1,14.2,Neha,Unqualified,,Unqualified
L-0406,2026-04-12 12:01:00,LinkedIn ABM,Priya Haddad,priya.haddad@ostrivostudio.example,Company,Ostrivo Studio,https://ostrivostudio.example,Singapore,Payments - Card Issuing,We are launching a payroll product and need a managed card issuing setup with go-live in Q3.,4,35.7,Unassigned,,,Not qualified
L-0407,2026-04-12 13:15:00,Pricing Page Form,Sam Muller,sam.muller@inboxly.example,Free,Ostrivo Studio,,Nigeria,Lending - Loan Origination,"Need a banking data API with SLA for our budgeting app, around 65M calls per day.",4,2.5,Vikram,Won,120000.0,Qualified+
L-0408,2026-04-12 14:13:00,Pricing Page Form,Ananya Rossi,ananya744@inboxly.example,Free,,,Turkey,Payments - Card Issuing,We offer premium SEO backlinks and guest post services for fintech websites. Reply for rates.,1,,Rahul,Spam,,Spam
L-0409,2026-04-12 14:32:00,Pricing Page Form,Lina Tanaka,lina.tanaka@nettlebriskpay.example,Company,Nettlebrisk Pay,https://nettlebriskpay.example,Germany,Payments - Card Issuing,We raised a seed round and plan to launch a digital savings platform for SMEs. Want to discuss infrastructure.,8,40.0,Vikram,Qualified,,Qualified+
L-0410,2026-04-12 20:02:00,LinkedIn ABM,Chloe Brown,chloe.brown@hollowquaywallet.example,Company,Hollowquay Wallet,https://hollowquaywallet.example,Singapore,KYC Verification,"Need a banking data API with SLA for our budgeting app, around 33M calls per day.",5,8.4,Unassigned,,,Not qualified
L-0411,2026-04-12 21:29:00,LinkedIn ABM,Kenji Costa,kenji675@inboxly.example,Free,,,Germany,Payments - Card Issuing,test,1,22.4,Rahul,Spam,,Spam
L-0412,2026-04-13 15:05:00,Docs Signup,Arjun Okafor,arjun.okafor@nettlebriskcommerce.example,Company,Nettlebrisk Commerce,https://nettlebriskcommerce.example,Nigeria,Banking Data API,"Interested in learning about fintech, where do I start?",2,3.4,Unassigned,Unqualified,,Unqualified
L-0413,2026-04-14 03:42:00,Chat Widget,Lucas Silva,ethan571@boostquillmedia.example,Free,Listpeak Directory,,Singapore,Payments - Card Issuing,"Exclusive investment opportunity with 300% returns, DM on telegram.",1,135.2,Rahul,Spam,,Spam
L-0414,2026-04-15 00:04:00,Website Contact Form,Yuki Mehta,yuki.mehta@webmail.example,Free,Rushbarrow Bank,,Canada,Banking Data API,"Migrating from another provider for our card program, need a quote this month.",6,5.8,Neha,Open,,Not qualified
L-0415,2026-04-16 00:59:00,Website Contact Form,Kenji Mehta,yuki927@quickdrop.example,Free,Boostquill Media,,Canada,Payments - Card Issuing,asdf qwer,1,,Unassigned,Spam,,Spam
L-0416,2026-04-16 01:10:00,Website Contact Form,Zara Kim,zara.kim@letterdrop.example,Free,,,Germany,Payments - Card Issuing,Can I use your API for a personal budget tracker?,4,11.2,Rahul,Unqualified,,Unqualified
L-0417,2026-04-16 21:14:00,Pricing Page Form,Lina Costa,lina754@inboxly.example,Free,Rankfarrow SEO Agency,,India,KYC Verification,"Boost your Twitter followers and Telegram members, organic fintech marketing.",2,20.9,Neha,,,Spam
L-0418,2026-04-17 08:59:00,Chat Widget,Ethan Rossi,ethan.rossi@postbox.example,Free,,,India,Payments - Card Issuing,"Just exploring, what does your company do?",2,5.9,Vikram,Unqualified,,Unqualified
L-0419,2026-04-17 14:31:00,Partner Referral,Leon Chen,leon.chen@freemail.example,Free,,,UAE,Payments - Card Issuing,Are you hiring fintech developers? Please share openings.,2,16.4,Vikram,Unqualified,,Unqualified
L-0420,2026-04-17 19:54:00,LinkedIn ABM,Lucas Okafor,lucas.okafor@postbox.example,Free,Orrowmere Labs,,Nigeria,Banking Data API,"Just exploring, what does your company do?",4,14.4,Rahul,Unqualified,,Unqualified
L-0421,2026-04-18 05:20:00,Chat Widget,Priya Novak,priya87@freemail.example,Disposable,,,Brazil,Other,"Boost your Twitter followers and Telegram members, organic fintech marketing.",2,12.6,Vikram,,,Spam
L-0422,2026-04-18 17:27:00,Docs Signup,Sofia Sharma,sofia.sharma@juniperholtwallet.example,Company,Juniperholt Wallet,https://juniperholtwallet.example,Germany,Payments - Virtual Accounts,"Need a banking data API with SLA for our budgeting app, around 30M calls per day.",10,29.1,Vikram,Qualified,,Qualified+
L-0423,2026-04-19 03:30:00,Website Contact Form,Aisha Ivanova,aisha973@quickdrop.example,Disposable,,,Vietnam,Other,"Exclusive investment opportunity with 300% returns, DM on telegram.",1,13.2,Vikram,,,Spam
L-0424,2026-04-20 13:44:00,Event,Mateo Lee,mateo.lee@webmail.example,Free,Thornlacey Finance,,South Korea,KYC Verification,Are you hiring fintech developers? Please share openings.,3,4.5,Unassigned,Unqualified,,Unqualified
L-0425,2026-04-20 15:48:00,Chat Widget,Sam Novak,sam839@quickdrop.example,Disposable,,,Canada,Other,asdf qwer,2,,Vikram,,,Spam
L-0426,2026-04-21 21:56:00,Partner Referral,Daniel Patel,daniel.patel@postbox.example,Free,,,UK,KYC Verification,Can I use your API for a personal budget tracker?,1,40.1,Rahul,Unqualified,,Unqualified
L-0427,2026-04-22 01:00:00,Website Contact Form,Yuki Berg,yuki.berg@webmail.example,Free,Umberwick Wallet,,Singapore,Banking Data API,"Interested in learning about fintech, where do I start?",3,31.7,Neha,Unqualified,,Unqualified
L-0428,2026-04-22 06:27:00,Website Contact Form,Lucas Nguyen,lucas.nguyen@glimmerfenbank.example,Company,Glimmerfen Bank,https://glimmerfenbank.example,Singapore,Lending - Loan Origination,Our team is building a lending product for small businesses. Need help with sandbox setup and credit rules. Timeline 2 to 3 months.,2,17.3,Neha,Unqualified,,Not qualified
L-0429,2026-04-22 12:20:00,Website Contact Form,Lina Tanaka,lina.tanaka@webmail.example,Free,,,India,Banking Data API,I am a student researching open banking for my thesis. Can you share some material?,4,24.0,Rahul,Unqualified,,Unqualified
L-0430,2026-04-22 17:13:00,Pricing Page Form,Nadia Kim,nadia.kim@freemail.example,Free,Orrowmere Money,,Canada,Payments - Cross-Border,Evaluating cross-border providers for our remittance app. Can we get a demo and a cost comparison?,1,78.7,Unassigned,Open,,Not qualified
L-0431,2026-04-23 02:02:00,Website Contact Form,Elena Mehta,elena.mehta@letterdrop.example,Free,Quillmoor Labs,,UAE,Banking Data API,Can I use your API for a personal budget tracker?,3,2.7,Unassigned,Unqualified,,Unqualified
L-0432,2026-04-23 20:27:00,Website Contact Form,Mateo Silva,mateo746@webmail.example,Free,,,Switzerland,KYC Verification,test,1,21.1,Rahul,Spam,,Spam
L-0433,2026-04-23 23:51:00,Website Contact Form,Lucas Khan,sofia835@codewhistleoutsourcing.example,Free,Boostquill Media,,India,Other,We offer premium SEO backlinks and guest post services for fintech websites. Reply for rates.,2,,Unassigned,Spam,,Spam
L-0434,2026-04-24 03:36:00,Website Contact Form,Felix Garcia,felix102@listpeakdirectory.example,Company,Listpeak Directory,https://listpeakdirectory.example,UK,KYC Verification,hi,2,,Unassigned,Spam,,Spam
L-0435,2026-04-25 08:40:00,Chat Widget,Lina Mehta,lina518@burnmail.example,Disposable,,,Vietnam,KYC Verification,hi,1,6.0,Rahul,Spam,,Spam
L-0436,2026-04-25 13:43:00,Pricing Page Form,Lucas Ivanova,lucas634@boostquillmedia.example,Company,Boostquill Media,https://boostquillmedia.example,Brazil,Other,"We are a dev agency from offshore, 20 fintech developers available at low rates.",2,29.0,Rahul,Spam,,Spam
L-0437,2026-04-25 17:17:00,Pricing Page Form,Mateo Berg,mateo.berg@freemail.example,Free,Tarnvale Pay,,Japan,Lending - Loan Origination,"Need a banking data API with SLA for our budgeting app, around 5M calls per day.",6,30.4,Rahul,Open,,Not qualified
L-0438,2026-04-26 00:33:00,Pricing Page Form,Sam Silva,sam93@quickdrop.example,Disposable,,,South Korea,Payments - Card Issuing,test,2,72.0,Unassigned,Spam,,Spam
L-0439,2026-04-26 14:42:00,LinkedIn ABM,Lucas Berg,lucas.berg@quarrytidewallet.example,Company,Quarrytide Wallet,https://quarrytidewallet.example,Germany,Payments - Card Issuing,Can you give a free account for our hackathon project?,4,6.6,Neha,Unqualified,,Unqualified
L-0440,2026-04-27 14:39:00,Partner Referral,Mateo Okafor,mateo.okafor@glimmerfenlabs.example,Company,Glimmerfen Labs,https://glimmerfenlabs.example,South Korea,Lending - Loan Origination,We are launching a remittance product and need a managed card issuing setup with go-live in Q1.,12,3.9,Unassigned,Lost,,Qualified+
L-0441,2026-04-28 09:39:00,Website Contact Form,Yuki Haddad,yuki135@boostquillmedia.example,Company,Boostquill Media,https://boostquillmedia.example,South Korea,KYC Verification,Claim your cashback reward now at the link below.,1,11.2,Rahul,Spam,,Spam
L-0442,2026-04-28 15:44:00,LinkedIn ABM,Chloe Costa,chloe.costa@ostrivobank.example,Company,Ostrivo Bank,https://ostrivobank.example,UAE,Banking Data API,"Need a banking data API with SLA for our budgeting app, around 25M calls per day.",11,23.6,Unassigned,,,Qualified+
L-0443,2026-04-28 15:49:00,Chat Widget,Mei Berg,mei305@throwaway.example,Disposable,,,South Korea,Other,hi,1,,Rahul,Spam,,Spam
L-0444,2026-04-28 20:57:00,Chat Widget,Ji-woo Silva,ji-woo675@listpeakdirectory.example,Company,Listpeak Directory,https://listpeakdirectory.example,Nigeria,Payments - Card Issuing,hi,2,,Unassigned,Spam,,Spam
L-0445,2026-04-29 03:22:00,Docs Signup,Noah Brown,noah.brown@inboxly.example,Free,Vexmoor Bank,,Nigeria,Lending - Loan Origination,We are launching a payroll product and need a managed card issuing setup with go-live in Q3.,3,4.7,Unassigned,Unqualified,,Not qualified
L-0446,2026-04-29 14:14:00,Chat Widget,Arjun Muller,arjun286@freemail.example,Free,,,USA,Other,"Get your app listing on top review sites in 48 hours, guaranteed. Contact our listing agent.",2,16.9,Unassigned,,,Spam
L-0447,2026-04-29 16:27:00,Website Contact Form,Grace Chen,grace566@freemail.example,Free,,,Singapore,Payments - Card Issuing,"We are a dev agency from offshore, 20 fintech developers available at low rates.",1,5.1,Unassigned,,,Spam
L-0448,2026-04-29 23:38:00,Website Contact Form,Ivan Sharma,ivan616@freemail.example,Free,Listpeak Directory,,UK,KYC Verification,"We are a dev agency from offshore, 20 fintech developers available at low rates.",1,41.4,Rahul,Spam,,Spam
L-0449,2026-04-30 01:24:00,LinkedIn ABM,Yuki Kim,yuki.kim@inboxly.example,Free,Plumeridge Finance,,Nigeria,Banking Data API,I am a student researching open banking for my thesis. Can you share some material?,1,16.2,Neha,Unqualified,,Unqualified
L-0450,2026-04-30 02:30:00,Chat Widget,Ivan Chen,ivan.chen@umberwickwallet.example,Company,Umberwick Wallet,https://umberwickwallet.example,Japan,KYC Verification,We raised a seed round and plan to launch a digital savings platform for SMEs. Want to discuss infrastructure.,4,6.7,Unassigned,Open,,Not qualified
L-0451,2026-04-30 12:41:00,Pricing Page Form,Arjun Nguyen,arjun.nguyen@quillmoormoney.example,Company,Quillmoor Money,https://quillmoormoney.example,Nigeria,Payments - Card Issuing,Evaluating card issuing providers for our payroll app. Can we get a demo and a cost comparison?,5,23.8,Rahul,Won,60000.0,Qualified+
L-0452,2026-04-30 17:22:00,LinkedIn ABM,Aisha Berg,aisha.berg@letterdrop.example,Free,Nettlebrisk Labs,,Nigeria,Other,Can I use your API for a personal budget tracker?,4,7.1,Rahul,Unqualified,,Unqualified
L-0453,2026-04-30 19:31:00,Pricing Page Form,Sam Silva,sam.silva@yarrowtuncapital.example,Company,Yarrowtun Capital,https://yarrowtuncapital.example,Canada,Lending - Credit Scoring,We are launching a payroll product and need a managed card issuing setup with go-live in Q3.,3,18.1,Vikram,Lost,,Qualified+
L-0454,2026-04-30 20:09:00,Event,Marco Sharma,marco.sharma@webmail.example,Free,Marrowgate Labs,,Canada,Other,"Just exploring, what does your company do?",4,10.8,Rahul,Unqualified,,Unqualified
L-0455,2026-04-30 20:55:00,LinkedIn ABM,Sofia Costa,sofia.costa@inboxly.example,Free,,,Singapore,KYC Verification,Are you hiring fintech developers? Please share openings.,1,6.2,Neha,Unqualified,,Unqualified
L-0456,2026-05-01 13:18:00,Docs Signup,Elena Mehta,elena.mehta@inboxly.example,Free,,,Brazil,Payments - Card Issuing,"Interested in learning about fintech, where do I start?",4,24.8,Neha,Unqualified,,Unqualified
L-0457,2026-05-02 04:52:00,Partner Referral,Fatima Haddad,fatima.haddad@freemail.example,Free,Zellowmark Studio,,Switzerland,KYC Verification,"Just exploring, what does your company do?",2,10.9,Rahul,,,Unqualified
L-0458,2026-05-02 09:20:00,Website Contact Form,Tariq Berg,tariq.berg@vexmoorbank.example,Company,Vexmoor Bank,https://vexmoorbank.example,Brazil,Lending - Credit Scoring,Our team is building a lending product for small businesses. Need help with sandbox setup and credit rules. Timeline 2 to 3 months.,5,26.1,Rahul,Lost,,Qualified+
L-0459,2026-05-03 15:42:00,Website Contact Form,Noah Novak,noah.novak@nettlebriskstudio.example,Company,Nettlebrisk Studio,https://nettlebriskstudio.example,USA,Payments - Card Issuing,"Need a banking data API with SLA for our budgeting app, around 29M calls per day.",1,52.1,Rahul,,,Not qualified
L-0460,2026-05-03 15:43:00,Pricing Page Form,Marco Rossi,marco.rossi@freemail.example,Free,Sallowfenn Bank,,Canada,Payments - Card Issuing,I am a student researching open banking for my thesis. Can you share some material?,3,69.8,Neha,,,Unqualified
L-0461,2026-05-04 09:14:00,Pricing Page Form,Arjun Lee,arjun151@rankfarrowseoagency.example,Company,Rankfarrow SEO Agency,https://rankfarrowseoagency.example,Vietnam,Payments - Card Issuing,"Exclusive investment opportunity with 300% returns, DM on telegram.",1,,Rahul,,,Spam
L-0462,2026-05-04 11:54:00,Website Contact Form,Lucas Lee,lucas311@tempinbox.example,Disposable,,,Switzerland,Payments - Card Issuing,asdf qwer,1,35.8,Unassigned,Spam,,Spam
L-0463,2026-05-04 22:54:00,Website Contact Form,Hana Rossi,hana193@tempinbox.example,Disposable,,,Canada,Other,"Get your app listing on top review sites in 48 hours, guaranteed. Contact our listing agent.",1,11.4,Rahul,Spam,,Spam
L-0464,2026-05-05 03:01:00,LinkedIn ABM,Zara Ivanova,zara.ivanova@rushbarrowlabs.example,Company,Rushbarrow Labs,https://rushbarrowlabs.example,Singapore,Payments - Card Issuing,"Migrating from another provider for our card program, need a quote this month.",3,28.2,Unassigned,Open,,Not qualified
L-0465,2026-05-06 09:27:00,Docs Signup,Chloe Patel,chloe420@boostquillmedia.example,Company,Boostquill Media,https://boostquillmedia.example,Nigeria,Other,"Boost your Twitter followers and Telegram members, organic fintech marketing.",1,,Rahul,Spam,,Spam
L-0466,2026-05-06 20:37:00,Chat Widget,Leon Nguyen,leon776@freemail.example,Free,,,UAE,Other,We offer premium SEO backlinks and guest post services for fintech websites. Reply for rates.,2,73.3,Unassigned,,,Spam
L-0467,2026-05-07 11:20:00,Website Contact Form,Noah Tanaka,noah.tanaka@inboxly.example,Free,,,USA,KYC Verification,"Just exploring, what does your company do?",2,11.0,Neha,Unqualified,,Unqualified
L-0468,2026-05-07 16:12:00,Website Contact Form,Lina Novak,lina858@throwaway.example,Disposable,,,India,Other,asdf qwer,2,,Unassigned,,,Spam
L-0469,2026-05-07 21:46:00,Website Contact Form,Tariq Berg,tariq.berg@rushbarrowstudio.example,Company,Rushbarrow Studio,https://rushbarrowstudio.example,Vietnam,Payments - Card Issuing,Our team is building a lending product for small businesses. Need help with sandbox setup and credit rules. Timeline 2 to 3 months.,5,8.1,Neha,Won,60000.0,Qualified+
L-0470,2026-05-08 02:05:00,Docs Signup,Elena Rossi,elena.rossi@webmail.example,Free,,,Canada,Other,Are you hiring fintech developers? Please share openings.,3,13.2,Neha,Unqualified,,Unqualified
L-0471,2026-05-08 13:21:00,Partner Referral,Ananya Sharma,ananya.sharma@yarrowtunlabs.example,Company,Yarrowtun Labs,https://yarrowtunlabs.example,Germany,Lending - Loan Origination,"Migrating from another provider for our card program, need a quote this month.",6,1.8,Unassigned,Lost,,Qualified+
L-0472,2026-05-08 19:43:00,LinkedIn ABM,Sofia Novak,sofia.novak@thornlaceylabs.example,Company,Thornlacey Labs,https://thornlaceylabs.example,Brazil,Lending - Credit Scoring,We are launching a marketplace product and need a managed card issuing setup with go-live in Q3.,1,10.6,Unassigned,,,Not qualified
L-0473,2026-05-10 01:14:00,Website Contact Form,Daniel Kim,fatima586@quickdrop.example,Disposable,,,UAE,Other,test,2,,Rahul,Spam,,Spam
L-0474,2026-05-10 06:05:00,Website Contact Form,Marco Novak,marco.novak@freemail.example,Free,,,India,KYC Verification,Can I use your API for a personal budget tracker?,2,16.7,Vikram,Unqualified,,Unqualified
L-0475,2026-05-10 15:15:00,Website Contact Form,Fatima Haddad,fatima.haddad@letterdrop.example,Free,,,Canada,Payments - Card Issuing,Can I use your API for a personal budget tracker?,2,18.0,Unassigned,,,Unqualified
L-0476,2026-05-10 16:54:00,Event,Ethan Sharma,ethan662@quickdrop.example,Disposable,,,India,Other,test,1,,Rahul,,,Spam
L-0477,2026-05-11 15:17:00,Docs Signup,Ji-woo Okafor,ji-woo836@hypemarrowpr.example,Company,Hypemarrow PR,https://hypemarrowpr.example,USA,Payments - Card Issuing,"We are a dev agency from offshore, 20 fintech developers available at low rates.",1,37.5,Unassigned,,,Spam
L-0478,2026-05-12 01:33:00,LinkedIn ABM,Mei Haddad,mei.haddad@webmail.example,Free,Plumeridge Money,,UK,Payments - Cross-Border,We are launching a loyalty product and need a managed cross-border setup with go-live in Q1.,8,89.7,Unassigned,Won,60000.0,Qualified+
L-0479,2026-05-12 18:30:00,LinkedIn ABM,Arjun Silva,arjun.silva@vexmoorbank.example,Company,Vexmoor Bank,https://vexmoorbank.example,Singapore,Lending - Credit Scoring,"Need a banking data API with SLA for our budgeting app, around 74M calls per day.",9,35.3,Unassigned,Won,24000.0,Qualified+
L-0480,2026-05-13 02:45:00,Website Contact Form,Omar Okafor,omar492@postbox.example,Company,Listpeak Directory,https://listpeakdirectory.example,Canada,Payments - Card Issuing,"Partnership proposal for fintech influencer marketing campaign, 500k reach.",2,13.4,Rahul,Spam,,Spam
L-0481,2026-05-13 05:21:00,Docs Signup,Hana Garcia,hana.garcia@freemail.example,Free,Orrowmere Finance,,USA,Payments - Virtual Accounts,We are launching a loyalty product and need a managed virtual accounts setup with go-live in Q4.,5,8.4,Unassigned,Unqualified,,Not qualified
L-0482,2026-05-13 13:15:00,Partner Referral,Mateo Nguyen,mateo.nguyen@umberwickfinance.example,Company,Umberwick Finance,https://umberwickfinance.example,India,Banking Data API,Our team is building a lending product for small businesses. Need help with sandbox setup and credit rules. Timeline 2 to 3 months.,6,32.2,Neha,Won,60000.0,Qualified+
L-0483,2026-05-13 21:49:00,LinkedIn ABM,Sam Kim,sam.kim@plumeridgelabs.example,Company,Plumeridge Labs,https://plumeridgelabs.example,Japan,KYC Verification,Can I use your API for a personal budget tracker?,4,1.8,Neha,Unqualified,,Unqualified
L-0484,2026-05-14 08:13:00,Website Contact Form,Yuki Garcia,yuki.garcia@postbox.example,Free,Kestralith Capital,,India,Lending - Credit Scoring,We raised a seed round and plan to launch a digital savings platform for SMEs. Want to discuss infrastructure.,6,4.3,Rahul,,,Not qualified
L-0485,2026-05-14 18:32:00,Website Contact Form,Daniel Kim,daniel.kim@quillmoorstudio.example,Company,Quillmoor Studio,https://quillmoorstudio.example,Turkey,Banking Data API,"Interested in learning about fintech, where do I start?",2,107.3,Rahul,Unqualified,,Unqualified
L-0486,2026-05-15 02:44:00,Website Contact Form,Ethan Garcia,nadia415@inboxly.example,Company,Codewhistle Outsourcing,https://codewhistleoutsourcing.example,Turkey,Other,hi,2,,Unassigned,Spam,,Spam
L-0487,2026-05-15 08:31:00,Partner Referral,Nadia Lee,nadia.lee@ostrivolabs.example,Company,Ostrivo Labs,https://ostrivolabs.example,Vietnam,Payments - Payouts,"Migrating from another provider for our card program, need a quote this month.",3,3.1,Rahul,Qualified,,Qualified+
L-0488,2026-05-16 10:37:00,Website Contact Form,Yuki Costa,kenji862@listpeakdirectory.example,Free,Listpeak Directory,,Nigeria,Payments - Card Issuing,Claim your cashback reward now at the link below.,1,,Rahul,,,Spam
L-0489,2026-05-16 11:29:00,Docs Signup,Aisha Haddad,aisha.haddad@inboxly.example,Free,,,Nigeria,Payments - Card Issuing,I am a student researching open banking for my thesis. Can you share some material?,1,24.8,Unassigned,,,Unqualified
L-0490,2026-05-16 19:56:00,Website Contact Form,Kenji Sharma,kenji413@rankfarrowseoagency.example,Company,Rankfarrow SEO Agency,https://rankfarrowseoagency.example,Germany,KYC Verification,Claim your cashback reward now at the link below.,2,,Unassigned,Spam,,Spam
L-0491,2026-05-16 21:08:00,Docs Signup,Kenji Nguyen,kenji.nguyen@letterdrop.example,Free,,,Japan,KYC Verification,Can you give a free account for our hackathon project?,4,24.0,Neha,Unqualified,,Unqualified
L-0492,2026-05-17 05:00:00,Pricing Page Form,Felix Rossi,felix.rossi@postbox.example,Free,Ferrowind Pay,,South Korea,Other,Can you give a free account for our hackathon project?,1,3.2,Rahul,Unqualified,,Unqualified
L-0493,2026-05-17 10:45:00,Partner Referral,Daniel Brown,daniel.brown@plumeridgestudio.example,Company,Plumeridge Studio,https://plumeridgestudio.example,USA,Payments - Payouts,We are launching a payroll product and need a managed payouts setup with go-live in Q3.,6,19.2,Unassigned,Open,,Not qualified
L-0494,2026-05-17 14:12:00,Website Contact Form,Priya Silva,priya599@listpeakdirectory.example,Company,Listpeak Directory,https://listpeakdirectory.example,Singapore,Payments - Card Issuing,hi,1,28.5,Unassigned,Spam,,Spam
L-0495,2026-05-18 05:21:00,Event,Tariq Khan,tariq.khan@juniperholtpay.example,Company,Juniperholt Pay,https://juniperholtpay.example,UAE,KYC Verification,"Interested in learning about fintech, where do I start?",4,14.5,Vikram,Unqualified,,Unqualified
L-0496,2026-05-18 07:59:00,Event,Kenji Brown,kenji.brown@rushbarrowstudio.example,Company,Rushbarrow Studio,https://rushbarrowstudio.example,Vietnam,Payments - Virtual Accounts,Our team is building a lending product for small businesses. Need help with sandbox setup and credit rules. Timeline 2 to 3 months.,7,26.6,Unassigned,Lost,,Qualified+
L-0497,2026-05-19 12:09:00,Website Contact Form,Marco Silva,marco.silva@inboxly.example,Free,Wyndlefoss Labs,,Nigeria,Banking Data API,Looking for pricing on KYC verification across 3 countries. Our current vendor keeps missing checks.,3,8.0,Rahul,Unqualified,,Not qualified
L-0498,2026-05-19 13:26:00,Website Contact Form,Noah Okafor,noah467@webmail.example,Free,Rankfarrow SEO Agency,,USA,KYC Verification,"Exclusive investment opportunity with 300% returns, DM on telegram.",2,20.2,Unassigned,Spam,,Spam
L-0499,2026-05-20 00:16:00,Docs Signup,Zara Okafor,zara.okafor@ferrowindfinance.example,Company,Ferrowind Finance,https://ferrowindfinance.example,Canada,Other,"Interested in learning about fintech, where do I start?",1,27.6,Unassigned,,,Unqualified
L-0500,2026-05-20 02:08:00,Event,Priya Silva,priya.silva@postbox.example,Free,Glimmerfen Studio,,South Korea,Payments - Card Issuing,"Just exploring, what does your company do?",2,5.7,Unassigned,Unqualified,,Unqualified
L-0501,2026-05-20 05:59:00,LinkedIn ABM,Mei Rossi,mei.rossi@yarrowtunlabs.example,Company,Yarrowtun Labs,https://yarrowtunlabs.example,UAE,KYC Verification,Looking for pricing on KYC verification across 2 countries. Our current vendor keeps missing checks.,7,27.5,Rahul,,,Qualified+
L-0502,2026-05-20 16:05:00,Chat Widget,Sam Garcia,arjun502@postbox.example,Free,Rankfarrow SEO Agency,,USA,Other,We offer premium SEO backlinks and guest post services for fintech websites. Reply for rates.,2,42.8,Vikram,,,Spam
L-0503,2026-05-21 07:29:00,Docs Signup,Chloe Patel,chloe.patel@postbox.example,Free,Quarrytide Studio,,Singapore,KYC Verification,Can I use your API for a personal budget tracker?,4,5.7,Neha,Unqualified,,Unqualified
L-0504,2026-05-21 21:02:00,Chat Widget,Kenji Khan,kenji50@hypemarrowpr.example,Company,Hypemarrow PR,https://hypemarrowpr.example,Switzerland,Other,We offer premium SEO backlinks and guest post services for fintech websites. Reply for rates.,1,40.5,Rahul,Spam,,Spam
L-0505,2026-05-22 07:22:00,Pricing Page Form,Marco Lee,marco.lee@letterdrop.example,Free,,,Brazil,Banking Data API,Can I use your API for a personal budget tracker?,3,46.4,Neha,Unqualified,,Unqualified
L-0506,2026-05-22 21:38:00,Event,Elena Haddad,elena.haddad@postbox.example,Free,Dunmarrow Systems,,Germany,Payments - Virtual Accounts,"Migrating from another provider for our card program, need a quote this month.",3,17.4,Unassigned,,,Not qualified
L-0507,2026-05-22 23:19:00,Website Contact Form,Marco Garcia,marco.garcia@freemail.example,Free,,,USA,Other,Are you hiring fintech developers? Please share openings.,4,24.4,Neha,,,Unqualified
L-0508,2026-05-23 20:47:00,Event,Omar Lee,omar.lee@ferrowindcapital.example,Company,Ferrowind Capital,https://ferrowindcapital.example,South Korea,Payments - Virtual Accounts,Looking for pricing on KYC verification across 3 countries. Our current vendor keeps missing checks.,4,3.3,Neha,Won,96000.0,Qualified+
L-0509,2026-05-24 00:09:00,Chat Widget,Elena Mehta,elena.mehta@postbox.example,Free,,,Germany,Payments - Card Issuing,"Interested in learning about fintech, where do I start?",4,52.2,Unassigned,Unqualified,,Unqualified
L-0510,2026-05-24 09:38:00,Website Contact Form,Leon Novak,leon.novak@marrowgatesystems.example,Company,Marrowgate Systems,https://marrowgatesystems.example,Japan,Lending - Loan Origination,Our team is building a lending product for small businesses. Need help with sandbox setup and credit rules. Timeline 2 to 3 months.,5,16.7,Vikram,Open,,Not qualified
L-0511,2026-05-25 00:17:00,LinkedIn ABM,Lucas Sharma,lucas.sharma@freemail.example,Free,Thornlacey Systems,,Vietnam,Payments - Cross-Border,We are launching a payroll product and need a managed cross-border setup with go-live in Q3.,4,34.0,Neha,Lost,,Qualified+
L-0512,2026-05-25 08:00:00,Pricing Page Form,Tariq Kim,tariq.kim@webmail.example,Free,Brindlewick Commerce,,Vietnam,Banking Data API,Looking for pricing on KYC verification across 5 countries. Our current vendor keeps missing checks.,3,68.6,Unassigned,Unqualified,,Not qualified
L-0513,2026-05-25 14:28:00,LinkedIn ABM,Mateo Brown,mateo.brown@rushbarrowwallet.example,Company,Rushbarrow Wallet,https://rushbarrowwallet.example,South Korea,Banking Data API,"Interested in learning about fintech, where do I start?",3,65.8,Vikram,Unqualified,,Unqualified
L-0514,2026-05-27 16:25:00,Chat Widget,Leon Khan,leon.khan@freemail.example,Free,,,Japan,KYC Verification,Can I use your API for a personal budget tracker?,2,14.5,Rahul,,,Unqualified
L-0515,2026-05-27 23:49:00,Docs Signup,Sofia Muller,sofia.muller@ferrowindlabs.example,Company,Ferrowind Labs,https://ferrowindlabs.example,Singapore,Banking Data API,Can I use your API for a personal budget tracker?,3,6.7,Unassigned,Unqualified,,Unqualified
L-0516,2026-05-28 03:21:00,Docs Signup,Ethan Muller,ethan.muller@freemail.example,Free,,,Nigeria,KYC Verification,Can you give a free account for our hackathon project?,4,11.5,Neha,Unqualified,,Unqualified
L-0517,2026-05-28 05:33:00,Website Contact Form,Daniel Costa,daniel.costa@quarrytidecapital.example,Company,Quarrytide Capital,https://quarrytidecapital.example,Canada,Banking Data API,We are launching a BNPL product and need a managed card issuing setup with go-live in Q3.,3,14.8,Neha,,,Not qualified
L-0518,2026-05-28 09:04:00,Partner Referral,Chloe Okafor,chloe.okafor@letterdrop.example,Free,,,USA,Other,"Just exploring, what does your company do?",4,10.3,Vikram,Unqualified,,Unqualified
L-0519,2026-05-28 17:44:00,Pricing Page Form,Daniel Chen,daniel.chen@letterdrop.example,Free,,,Germany,Other,Are you hiring fintech developers? Please share openings.,3,9.4,Neha,Unqualified,,Unqualified
L-0520,2026-05-28 19:21:00,Partner Referral,Felix Brown,felix.brown@ostrivostudio.example,Company,Ostrivo Studio,https://ostrivostudio.example,Turkey,Lending - Credit Scoring,Looking for pricing on KYC verification across 2 countries. Our current vendor keeps missing checks.,11,12.5,Rahul,Won,24000.0,Qualified+
L-0521,2026-05-29 07:08:00,Partner Referral,Ananya Chen,ananya.chen@postbox.example,Free,Rushbarrow Money,,USA,Banking Data API,Looking for pricing on KYC verification across 6 countries. Our current vendor keeps missing checks.,5,4.9,Unassigned,Lost,,Qualified+
L-0522,2026-05-29 12:32:00,Event,Sofia Lee,sofia.lee@inboxly.example,Free,,,Germany,KYC Verification,Are you hiring fintech developers? Please share openings.,3,17.8,Vikram,,,Unqualified
L-0523,2026-05-29 19:56:00,Website Contact Form,Ananya Haddad,ananya661@webmail.example,Free,,,Germany,Payments - Card Issuing,test,1,,Unassigned,Spam,,Spam
L-0524,2026-05-29 23:47:00,LinkedIn ABM,Fatima Tanaka,fatima.tanaka@inboxly.example,Free,,,Singapore,Payments - Card Issuing,"Interested in learning about fintech, where do I start?",2,13.8,Rahul,Unqualified,,Unqualified
L-0525,2026-05-30 08:56:00,LinkedIn ABM,Aisha Patel,aisha.patel@inboxly.example,Free,Nettlebrisk Labs,,Turkey,KYC Verification,Looking for pricing on KYC verification across 4 countries. Our current vendor keeps missing checks.,6,4.6,Unassigned,Won,96000.0,Qualified+
L-0526,2026-05-30 20:35:00,Docs Signup,Nadia Lee,nadia.lee@webmail.example,Free,Larkspindle Finance,,Canada,Other,"Interested in learning about fintech, where do I start?",4,16.0,Vikram,Unqualified,,Unqualified
L-0527,2026-05-31 09:04:00,Docs Signup,Arjun Brown,arjun.brown@inboxly.example,Free,Thornlacey Money,,USA,KYC Verification,"Interested in learning about fintech, where do I start?",4,2.7,Neha,Unqualified,,Unqualified
L-0528,2026-05-31 14:10:00,Event,Chloe Ivanova,chloe874@quickdrop.example,Disposable,,,UAE,KYC Verification,Claim your cashback reward now at the link below.,2,31.8,Vikram,,,Spam
L-0529,2026-05-31 14:11:00,Pricing Page Form,Arjun Sharma,arjun.sharma@tarnvalelabs.example,Company,Tarnvale Labs,https://tarnvalelabs.example,Brazil,Lending - Loan Origination,Looking for pricing on KYC verification across 3 countries. Our current vendor keeps missing checks.,3,31.5,Neha,,,Qualified+
L-0530,2026-05-31 19:17:00,Event,Omar Sharma,omar651@listpeakdirectory.example,Company,Listpeak Directory,https://listpeakdirectory.example,Brazil,Payments - Card Issuing,Claim your cashback reward now at the link below.,2,56.3,Vikram,,,Spam
L-0531,2026-06-01 07:38:00,Chat Widget,Ivan Lee,ivan911@burnmail.example,Disposable,,,Canada,Payments - Card Issuing,asdf qwer,2,13.8,Unassigned,Spam,,Spam
L-0532,2026-06-01 07:42:00,Chat Widget,Sam Brown,sam803@throwaway.example,Disposable,,,Singapore,Other,"Get your app listing on top review sites in 48 hours, guaranteed. Contact our listing agent.",2,8.0,Unassigned,Spam,,Spam
L-0533,2026-06-01 15:45:00,LinkedIn ABM,Daniel Brown,daniel.brown@inboxly.example,Free,Thornlacey Bank,,Turkey,Lending - Loan Origination,We are launching a remittance product and need a managed card issuing setup with go-live in Q4.,3,22.0,Vikram,Qualified,,Qualified+
L-0534,2026-06-01 16:02:00,Website Contact Form,Felix Garcia,felix.garcia@freemail.example,Free,Kestralith Labs,,Japan,KYC Verification,"Just exploring, what does your company do?",4,17.5,Neha,,,Unqualified
L-0535,2026-06-01 17:46:00,Docs Signup,Fatima Rossi,fatima586@quickdrop.example,Disposable,,,Brazil,KYC Verification,hi,1,,Rahul,Spam,,Spam
L-0536,2026-06-02 06:58:00,Chat Widget,Leon Mehta,leon.mehta@webmail.example,Free,,,South Korea,Banking Data API,"Just exploring, what does your company do?",2,7.0,Rahul,Unqualified,,Unqualified
L-0537,2026-06-02 11:02:00,Partner Referral,Ananya Patel,ananya.patel@marrowgatesystems.example,Company,Marrowgate Systems,https://marrowgatesystems.example,Canada,KYC Verification,"Migrating from another provider for our card program, need a quote this month.",4,7.5,Neha,Unqualified,,Not qualified
L-0538,2026-06-02 11:48:00,Chat Widget,Sam Muller,sam972@tempinbox.example,Disposable,,,India,Payments - Card Issuing,We offer premium SEO backlinks and guest post services for fintech websites. Reply for rates.,1,,Rahul,Spam,,Spam
L-0539,2026-06-02 16:01:00,Website Contact Form,Tariq Nguyen,tariq397@freemail.example,Free,,,Nigeria,Other,"We are a dev agency from offshore, 20 fintech developers available at low rates.",1,35.0,Rahul,Spam,,Spam
L-0540,2026-06-02 18:17:00,Partner Referral,Sofia Muller,sofia.muller@freemail.example,Free,Plumeridge Pay,,South Korea,Banking Data API,"Migrating from another provider for our card program, need a quote this month.",3,13.4,Neha,Lost,,Qualified+
L-0541,2026-06-02 20:26:00,Pricing Page Form,Kenji Muller,tariq279@throwaway.example,Free,Boostquill Media,,India,Other,"Exclusive investment opportunity with 300% returns, DM on telegram.",2,,Neha,,,Spam
L-0542,2026-06-03 03:26:00,Website Contact Form,Arjun Brown,arjun391@postbox.example,Free,Boostquill Media,,Switzerland,Other,We offer premium SEO backlinks and guest post services for fintech websites. Reply for rates.,1,15.8,Rahul,,,Spam
L-0543,2026-06-03 07:34:00,Event,Lina Berg,lina.berg@webmail.example,Free,Larkspindle Labs,,Switzerland,KYC Verification,Our team is building a lending product for small businesses. Need help with sandbox setup and credit rules. Timeline 2 to 3 months.,5,3.3,Unassigned,Lost,,Qualified+
L-0544,2026-06-03 11:50:00,Event,Noah Mehta,noah.mehta@freemail.example,Free,,,South Korea,Banking Data API,"Interested in learning about fintech, where do I start?",3,18.4,Unassigned,Unqualified,,Unqualified
L-0545,2026-06-03 12:46:00,Website Contact Form,Lucas Haddad,lucas.haddad@freemail.example,Free,,,UAE,Payments - Card Issuing,I am a student researching open banking for my thesis. Can you share some material?,3,2.5,Unassigned,Unqualified,,Unqualified
L-0546,2026-06-03 20:08:00,Chat Widget,Marco Mehta,marco135@inboxly.example,Free,,,UAE,Other,hi,1,216.2,Rahul,,,Spam
L-0547,2026-06-03 21:40:00,Docs Signup,Ravi Costa,ravi.costa@inboxly.example,Free,Quarrytide Capital,,Turkey,Payments - Card Issuing,"Just exploring, what does your company do?",3,19.6,Vikram,,,Unqualified
L-0548,2026-06-04 05:20:00,Docs Signup,Mei Okafor,mei.okafor@inboxly.example,Free,Marrowgate Systems,,South Korea,Banking Data API,Can you give a free account for our hackathon project?,3,28.8,Unassigned,Unqualified,,Unqualified
L-0549,2026-06-04 08:41:00,LinkedIn ABM,Kenji Brown,kenji.brown@quarrytidefinance.example,Company,Quarrytide Finance,https://quarrytidefinance.example,Vietnam,Lending - Credit Scoring,Looking for pricing on KYC verification across 5 countries. Our current vendor keeps missing checks.,5,7.9,Neha,,,Qualified+
L-0550,2026-06-04 09:58:00,Partner Referral,Ravi Mehta,ravi.mehta@ferrowindcapital.example,Company,Ferrowind Capital,https://ferrowindcapital.example,Vietnam,Payments - Payouts,Our team is building a lending product for small businesses. Need help with sandbox setup and credit rules. Timeline 2 to 3 months.,6,8.0,Vikram,Lost,,Qualified+
L-0551,2026-06-05 05:03:00,Chat Widget,Ethan Mehta,ethan571@boostquillmedia.example,Company,Boostquill Media,https://boostquillmedia.example,Germany,Payments - Card Issuing,"Boost your Twitter followers and Telegram members, organic fintech marketing.",2,10.4,Rahul,,,Spam
L-0552,2026-06-05 06:44:00,Docs Signup,Chloe Muller,chloe.muller@inboxly.example,Free,Dunmarrow Money,,Japan,Other,"Interested in learning about fintech, where do I start?",1,6.9,Rahul,Unqualified,,Unqualified
L-0553,2026-06-06 08:33:00,Pricing Page Form,Sofia Garcia,lina343@inboxly.example,Free,,,UK,KYC Verification,"Exclusive investment opportunity with 300% returns, DM on telegram.",1,,Rahul,Spam,,Spam
L-0554,2026-06-06 10:45:00,Website Contact Form,Yuki Haddad,yuki927@quickdrop.example,Disposable,,,Turkey,Other,hi,1,15.9,Rahul,Spam,,Spam
L-0555,2026-06-06 21:17:00,Chat Widget,Ravi Patel,ravi.patel@webmail.example,Free,,,UK,Banking Data API,Can I use your API for a personal budget tracker?,3,9.6,Unassigned,Unqualified,,Unqualified
L-0556,2026-06-07 14:35:00,Chat Widget,Yuki Novak,yuki312@inboxly.example,Free,Rankfarrow SEO Agency,,Nigeria,Payments - Card Issuing,test,2,7.9,Rahul,Spam,,Spam
L-0557,2026-06-07 23:07:00,Chat Widget,Kenji Brown,kenji862@listpeakdirectory.example,Company,Listpeak Directory,https://listpeakdirectory.example,USA,Other,Claim your cashback reward now at the link below.,2,19.3,Unassigned,Spam,,Spam
L-0558,2026-06-08 11:12:00,Pricing Page Form,Aisha Rossi,aisha.rossi@umberwickpay.example,Company,Umberwick Pay,https://umberwickpay.example,India,Lending - Credit Scoring,"Need a banking data API with SLA for our budgeting app, around 59M calls per day.",5,5.5,Unassigned,Qualified,,Qualified+
L-0559,2026-06-08 11:32:00,Website Contact Form,Nadia Khan,nadia.khan@tarnvalecapital.example,Company,Tarnvale Capital,https://tarnvalecapital.example,Brazil,Payments - Card Issuing,We are launching a loyalty product and need a managed card issuing setup with go-live in Q2.,10,25.4,Rahul,Won,96000.0,Qualified+
L-0560,2026-06-08 20:25:00,Chat Widget,Ananya Costa,ananya186@letterdrop.example,Free,Rankfarrow SEO Agency,,Switzerland,Other,"Partnership proposal for fintech influencer marketing campaign, 500k reach.",1,32.9,Rahul,Spam,,Spam
L-0561,2026-06-09 01:26:00,Docs Signup,Ivan Khan,lucas96@letterdrop.example,Company,Boostquill Media,https://boostquillmedia.example,UK,KYC Verification,"Exclusive investment opportunity with 300% returns, DM on telegram.",2,22.0,Vikram,,,Spam
L-0562,2026-06-09 14:05:00,Docs Signup,Yuki Kim,yuki.kim@rushbarrowpay.example,Company,Rushbarrow Pay,https://rushbarrowpay.example,Switzerland,Banking Data API,Our team is building a lending product for small businesses. Need help with sandbox setup and credit rules. Timeline 2 to 3 months.,5,29.7,Vikram,,,Not qualified
L-0563,2026-06-10 06:57:00,Chat Widget,Tariq Berg,kenji675@inboxly.example,Free,Boostquill Media,,Brazil,Other,"We are a dev agency from offshore, 20 fintech developers available at low rates.",2,,Rahul,Spam,,Spam
L-0564,2026-06-11 00:23:00,LinkedIn ABM,Ethan Haddad,ethan.haddad@juniperholtcommerce.example,Company,Juniperholt Commerce,https://juniperholtcommerce.example,Singapore,Lending - Loan Origination,We are launching a payroll product and need a managed card issuing setup with go-live in Q3.,5,10.5,Unassigned,,,Not qualified
L-0565,2026-06-11 03:42:00,Website Contact Form,Chloe Okafor,chloe512@letterdrop.example,Free,,,India,Payments - Card Issuing,"Partnership proposal for fintech influencer marketing campaign, 500k reach.",1,,Unassigned,Spam,,Spam
L-0566,2026-06-11 15:47:00,Docs Signup,Daniel Garcia,daniel.garcia@postbox.example,Free,,,Nigeria,Banking Data API,Are you hiring fintech developers? Please share openings.,1,13.2,Vikram,Unqualified,,Unqualified
L-0567,2026-06-11 17:00:00,Website Contact Form,Elena Lee,elena869@inboxly.example,Free,Boostquill Media,,Brazil,Other,hi,2,11.9,Rahul,Spam,,Spam
L-0568,2026-06-12 00:29:00,Event,Ivan Okafor,ivan.okafor@letterdrop.example,Free,Nettlebrisk Wallet,,USA,KYC Verification,Are you hiring fintech developers? Please share openings.,1,12.3,Neha,Unqualified,,Unqualified
L-0569,2026-06-12 04:08:00,Website Contact Form,Kenji Ivanova,elena60@vanishmail.example,Company,Rankfarrow SEO Agency,https://rankfarrowseoagency.example,UAE,Other,"Partnership proposal for fintech influencer marketing campaign, 500k reach.",2,12.2,Unassigned,Spam,,Spam
L-0570,2026-06-13 01:02:00,Pricing Page Form,Leon Rossi,leon.rossi@hollowquaywallet.example,Company,Hollowquay Wallet,https://hollowquaywallet.example,Switzerland,Lending - Loan Origination,Our team is building a lending product for small businesses. Need help with sandbox setup and credit rules. Timeline 2 to 3 months.,3,8.3,Rahul,Won,120000.0,Qualified+
L-0571,2026-06-13 07:09:00,Partner Referral,Omar Haddad,omar.haddad@postbox.example,Free,Rushbarrow Pay,,Brazil,Payments - Virtual Accounts,"Migrating from another provider for our card program, need a quote this month.",7,6.3,Vikram,Won,96000.0,Qualified+
L-0572,2026-06-13 23:04:00,Chat Widget,Tariq Nguyen,tariq678@burnmail.example,Disposable,,,Germany,Other,test,1,19.4,Rahul,Spam,,Spam
L-0573,2026-06-13 23:30:00,Website Contact Form,Yuki Tanaka,yuki551@tempinbox.example,Disposable,,,UAE,Payments - Card Issuing,We offer premium SEO backlinks and guest post services for fintech websites. Reply for rates.,1,,Neha,,,Spam
L-0574,2026-06-14 04:47:00,LinkedIn ABM,Chloe Muller,chloe.muller@sallowfenncommerce.example,Company,Sallowfenn Commerce,https://sallowfenncommerce.example,Singapore,Lending - Loan Origination,We raised a seed round and plan to launch a digital savings platform for SMEs. Want to discuss infrastructure.,9,3.9,Vikram,Won,36000.0,Qualified+
L-0575,2026-06-14 13:32:00,Pricing Page Form,Yuki Mehta,yuki.mehta@orrowmerefinance.example,Company,Orrowmere Finance,https://orrowmerefinance.example,UK,Payments - Payouts,"Migrating from another provider for our card program, need a quote this month.",11,3.1,Vikram,Qualified,,Qualified+
L-0576,2026-06-15 03:02:00,LinkedIn ABM,Elena Berg,elena.berg@nettlebrisksystems.example,Company,Nettlebrisk Systems,https://nettlebrisksystems.example,Switzerland,Lending - Credit Scoring,We raised a seed round and plan to launch a digital savings platform for SMEs. Want to discuss infrastructure.,3,3.7,Unassigned,Qualified,,Qualified+
L-0577,2026-06-16 11:04:00,Website Contact Form,Priya Haddad,priya551@codewhistleoutsourcing.example,Company,Codewhistle Outsourcing,https://codewhistleoutsourcing.example,UK,Other,hi,2,,Unassigned,Spam,,Spam
L-0578,2026-06-17 06:14:00,Event,Omar Patel,omar.patel@quarrytidelabs.example,Company,Quarrytide Labs,https://quarrytidelabs.example,Japan,Payments - Card Issuing,We are launching a marketplace product and need a managed card issuing setup with go-live in Q3.,3,17.6,Vikram,Open,,Not qualified
L-0579,2026-06-18 14:52:00,Event,Daniel Silva,daniel.silva@nettlebrisksystems.example,Company,Nettlebrisk Systems,https://nettlebrisksystems.example,Singapore,Lending - Credit Scoring,Evaluating card issuing providers for our payroll app. Can we get a demo and a cost comparison?,3,41.9,Unassigned,Open,,Not qualified
L-0580,2026-06-19 00:54:00,LinkedIn ABM,Chloe Patel,chloe.patel@letterdrop.example,Free,,,Canada,Banking Data API,I am a student researching open banking for my thesis. Can you share some material?,2,3.7,Vikram,Unqualified,,Unqualified
L-0581,2026-06-19 02:50:00,Partner Referral,Marco Berg,marco.berg@quarrytidestudio.example,Company,Quarrytide Studio,https://quarrytidestudio.example,UAE,Banking Data API,We are launching a loyalty product and need a managed card issuing setup with go-live in Q4.,3,6.6,Neha,,,Qualified+
L-0582,2026-06-19 05:40:00,Website Contact Form,Daniel Mehta,daniel639@letterdrop.example,Free,Boostquill Media,,Nigeria,Payments - Card Issuing,hi,2,27.2,Unassigned,,,Spam
L-0583,2026-06-19 11:27:00,LinkedIn ABM,Ananya Muller,ananya.muller@juniperholtwallet.example,Company,Juniperholt Wallet,https://juniperholtwallet.example,Turkey,Payments - Payouts,"Migrating from another provider for our card program, need a quote this month.",5,30.9,Unassigned,,,Not qualified
L-0584,2026-06-20 09:01:00,Chat Widget,Sofia Ivanova,sofia.ivanova@postbox.example,Free,Quillmoor Money,,South Korea,KYC Verification,"Interested in learning about fintech, where do I start?",1,4.9,Vikram,Unqualified,,Unqualified
L-0585,2026-06-20 21:53:00,Pricing Page Form,Omar Costa,omar.costa@ostrivopay.example,Company,Ostrivo Pay,https://ostrivopay.example,Switzerland,Payments - Virtual Accounts,Evaluating virtual accounts providers for our payroll app. Can we get a demo and a cost comparison?,8,4.1,Rahul,Lost,,Qualified+
L-0586,2026-06-22 03:31:00,Chat Widget,Tariq Patel,tariq.patel@hollowquayfinance.example,Company,Hollowquay Finance,https://hollowquayfinance.example,Brazil,Banking Data API,"Interested in learning about fintech, where do I start?",3,2.9,Rahul,,,Unqualified
L-0587,2026-06-22 05:19:00,LinkedIn ABM,Felix Rossi,felix.rossi@inboxly.example,Free,,,UK,KYC Verification,Can I use your API for a personal budget tracker?,3,8.9,Unassigned,Unqualified,,Unqualified
L-0588,2026-06-22 09:32:00,Website Contact Form,Felix Rossi,sofia835@codewhistleoutsourcing.example,Free,Rankfarrow SEO Agency,,Japan,KYC Verification,"Exclusive investment opportunity with 300% returns, DM on telegram.",2,22.1,Vikram,,,Spam
L-0589,2026-06-22 13:58:00,Website Contact Form,Marco Costa,marco.costa@umberwicksystems.example,Company,Umberwick Systems,https://umberwicksystems.example,USA,KYC Verification,"Just exploring, what does your company do?",2,7.9,Neha,Unqualified,,Unqualified
L-0590,2026-06-23 16:30:00,Pricing Page Form,Aisha Mehta,aisha.mehta@hollowquaycapital.example,Company,Hollowquay Capital,https://hollowquaycapital.example,Canada,Payments - Card Issuing,We raised a seed round and plan to launch a digital savings platform for SMEs. Want to discuss infrastructure.,8,77.7,Unassigned,Lost,,Qualified+
L-0591,2026-06-24 23:12:00,Website Contact Form,Ananya Tanaka,ananya17@inboxly.example,Free,Boostquill Media,,Germany,Other,"We are a dev agency from offshore, 20 fintech developers available at low rates.",1,,Unassigned,Spam,,Spam
L-0592,2026-06-25 02:59:00,Website Contact Form,Fatima Silva,fatima.silva@dunmarrowfinance.example,Company,Dunmarrow Finance,https://dunmarrowfinance.example,USA,Payments - Virtual Accounts,"Migrating from another provider for our card program, need a quote this month.",4,2.7,Rahul,Lost,,Qualified+
L-0593,2026-06-25 08:35:00,Website Contact Form,Ivan Nguyen,ivan.nguyen@webmail.example,Free,,,USA,KYC Verification,"Interested in learning about fintech, where do I start?",3,8.1,Rahul,Unqualified,,Unqualified
L-0594,2026-06-25 15:01:00,Website Contact Form,Kenji Haddad,kenji33@webmail.example,Free,,,India,Other,"Partnership proposal for fintech influencer marketing campaign, 500k reach.",2,43.8,Rahul,Spam,,Spam
L-0595,2026-06-25 16:38:00,Website Contact Form,Felix Lee,felix721@hypemarrowpr.example,Company,Hypemarrow PR,https://hypemarrowpr.example,Nigeria,Other,"We are a dev agency from offshore, 20 fintech developers available at low rates.",1,21.6,Unassigned,Spam,,Spam
L-0596,2026-06-25 20:10:00,Website Contact Form,Lina Garcia,lina561@quickdrop.example,Disposable,,,Singapore,Other,"Boost your Twitter followers and Telegram members, organic fintech marketing.",2,20.6,Vikram,,,Spam
L-0597,2026-06-26 06:23:00,Partner Referral,Daniel Rossi,daniel.rossi@letterdrop.example,Free,Hollowquay Commerce,,South Korea,Payments - Cross-Border,Our team is building a lending product for small businesses. Need help with sandbox setup and credit rules. Timeline 2 to 3 months.,3,8.7,Rahul,Unqualified,,Not qualified
L-0598,2026-06-26 23:41:00,Pricing Page Form,Chloe Mehta,chloe.mehta@postbox.example,Free,Pellowin Wallet,,Brazil,Payments - Card Issuing,"Interested in learning about fintech, where do I start?",4,4.6,Rahul,Unqualified,,Unqualified
L-0599,2026-06-27 11:06:00,Docs Signup,Ivan Rossi,ivan.rossi@orrowmerewallet.example,Company,Orrowmere Wallet,https://orrowmerewallet.example,USA,Banking Data API,Are you hiring fintech developers? Please share openings.,4,4.0,Unassigned,Unqualified,,Unqualified
L-0600,2026-06-27 12:36:00,Partner Referral,Hana Haddad,hana.haddad@freemail.example,Free,Glimmerfen Studio,,South Korea,Other,Can I use your API for a personal budget tracker?,4,3.8,Neha,Unqualified,,Unqualified
L-0601,2026-06-27 16:49:00,LinkedIn ABM,Lina Mehta,lina.mehta@freemail.example,Free,Tarnvale Commerce,,Japan,KYC Verification,Can you give a free account for our hackathon project?,3,9.6,Unassigned,,,Unqualified
L-0602,2026-06-27 17:59:00,Partner Referral,Ethan Okafor,ethan.okafor@ostrivofinance.example,Company,Ostrivo Finance,https://ostrivofinance.example,Germany,Payments - Card Issuing,Evaluating card issuing providers for our loyalty app. Can we get a demo and a cost comparison?,3,8.8,Unassigned,,,Qualified+
L-0603,2026-06-28 17:19:00,LinkedIn ABM,Nadia Lee,nadia.lee@inboxly.example,Free,Marrowgate Capital,,Japan,Banking Data API,Are you hiring fintech developers? Please share openings.,2,17.4,Rahul,Unqualified,,Unqualified
L-0604,2026-06-29 04:10:00,Website Contact Form,Ananya Tanaka,ananya.tanaka@nettlebriskfinance.example,Company,Nettlebrisk Finance,https://nettlebriskfinance.example,India,Lending - Credit Scoring,"Migrating from another provider for our card program, need a quote this month.",3,28.4,Rahul,,,Qualified+
L-0605,2026-06-30 06:00:00,Docs Signup,Leon Rossi,leon.rossi@pellowinpay.example,Company,Pellowin Pay,https://pellowinpay.example,Germany,Banking Data API,Our team is building a lending product for small businesses. Need help with sandbox setup and credit rules. Timeline 2 to 3 months.,6,2.6,Unassigned,Unqualified,,Not qualified
L-0606,2026-06-30 14:20:00,Chat Widget,Mei Costa,mei395@burnmail.example,Disposable,,,Germany,Other,Claim your cashback reward now at the link below.,1,24.3,Rahul,Spam,,Spam
L-0607,2026-06-30 20:02:00,Event,Daniel Sharma,daniel.sharma@thornlaceywallet.example,Company,Thornlacey Wallet,https://thornlaceywallet.example,Switzerland,Lending - Credit Scoring,"Need a banking data API with SLA for our budgeting app, around 37M calls per day.",3,13.0,Unassigned,Unqualified,,Not qualified
L-0608,2026-07-02 03:46:00,LinkedIn ABM,Yuki Patel,yuki.patel@larkspindlewallet.example,Company,Larkspindle Wallet,https://larkspindlewallet.example,Nigeria,Payments - Payouts,We raised a seed round and plan to launch a digital savings platform for SMEs. Want to discuss infrastructure.,4,16.0,Neha,,,Not qualified
L-0609,2026-07-02 03:51:00,Chat Widget,Mateo Tanaka,mateo879@inboxly.example,Free,,,USA,Payments - Card Issuing,"Exclusive investment opportunity with 300% returns, DM on telegram.",2,17.0,Vikram,,,Spam
L-0610,2026-07-02 11:55:00,Website Contact Form,Felix Nguyen,felix606@webmail.example,Free,,,UAE,Other,"Boost your Twitter followers and Telegram members, organic fintech marketing.",1,118.1,Unassigned,,,Spam
L-0611,2026-07-02 15:27:00,LinkedIn ABM,Noah Berg,noah.berg@yarrowtunmoney.example,Company,Yarrowtun Money,https://yarrowtunmoney.example,UK,Lending - Loan Origination,"Need a banking data API with SLA for our budgeting app, around 56M calls per day.",12,16.8,Unassigned,,,Qualified+
L-0612,2026-07-04 19:20:00,Docs Signup,Ivan Novak,ivan.novak@yarrowtunfinance.example,Company,Yarrowtun Finance,https://yarrowtunfinance.example,Vietnam,Payments - Virtual Accounts,Our team is building a lending product for small businesses. Need help with sandbox setup and credit rules. Timeline 2 to 3 months.,3,17.0,Rahul,Lost,,Qualified+
L-0613,2026-07-04 23:30:00,Docs Signup,Lina Mehta,lina.mehta@letterdrop.example,Free,,,Canada,KYC Verification,I am a student researching open banking for my thesis. Can you share some material?,4,9.0,Vikram,Unqualified,,Unqualified
L-0614,2026-07-05 19:08:00,LinkedIn ABM,Aisha Nguyen,aisha.nguyen@yarrowtunsystems.example,Company,Yarrowtun Systems,https://yarrowtunsystems.example,UK,Banking Data API,Can you give a free account for our hackathon project?,2,2.0,Neha,Unqualified,,Unqualified
L-0615,2026-07-07 13:45:00,Website Contact Form,Grace Ivanova,tariq625@vanishmail.example,Free,Listpeak Directory,,Brazil,Other,We offer premium SEO backlinks and guest post services for fintech websites. Reply for rates.,1,,Rahul,Spam,,Spam
L-0616,2026-07-07 19:56:00,Pricing Page Form,Arjun Chen,arjun.chen@inboxly.example,Free,Brindlewick Finance,,South Korea,Payments - Card Issuing,Evaluating card issuing providers for our BNPL app. Can we get a demo and a cost comparison?,6,36.8,Rahul,Unqualified,,Not qualified
L-0617,2026-07-07 22:20:00,Partner Referral,Tariq Novak,tariq.novak@postbox.example,Free,Juniperholt Pay,,Turkey,Payments - Payouts,We raised a seed round and plan to launch a digital savings platform for SMEs. Want to discuss infrastructure.,10,5.0,Unassigned,Lost,,Qualified+
L-0618,2026-07-09 20:41:00,Pricing Page Form,Ananya Sharma,ananya.sharma@umberwickwallet.example,Company,Umberwick Wallet,https://umberwickwallet.example,UAE,Lending - Loan Origination,"Need a banking data API with SLA for our budgeting app, around 64M calls per day.",8,5.5,Rahul,Qualified,,Qualified+
L-0619,2026-07-09 21:06:00,Website Contact Form,Priya Mehta,arjun286@freemail.example,Disposable,,,UAE,Payments - Card Issuing,asdf qwer,1,10.9,Rahul,Spam,,Spam
L-0620,2026-07-11 06:59:00,Docs Signup,Sofia Khan,sofia.khan@postbox.example,Free,,,Turkey,KYC Verification,"Interested in learning about fintech, where do I start?",3,25.7,Rahul,Unqualified,,Unqualified
L-0621,2026-07-11 07:21:00,Pricing Page Form,Sam Okafor,sam257@quickdrop.example,Disposable,,,UAE,KYC Verification,"Get your app listing on top review sites in 48 hours, guaranteed. Contact our listing agent.",1,40.7,Unassigned,Spam,,Spam
L-0622,2026-07-11 19:41:00,Chat Widget,Ananya Berg,ananya44@boostquillmedia.example,Company,Boostquill Media,https://boostquillmedia.example,Germany,Payments - Card Issuing,We offer premium SEO backlinks and guest post services for fintech websites. Reply for rates.,1,,Unassigned,,,Spam
L-0623,2026-07-12 02:36:00,Partner Referral,Aisha Brown,aisha.brown@pellowincapital.example,Company,Pellowin Capital,https://pellowincapital.example,UK,Lending - Loan Origination,Evaluating card issuing providers for our BNPL app. Can we get a demo and a cost comparison?,5,18.8,Unassigned,Qualified,,Qualified+
L-0624,2026-07-13 05:35:00,Docs Signup,Yuki Lee,yuki.lee@postbox.example,Free,,,USA,Payments - Card Issuing,"Interested in learning about fintech, where do I start?",4,7.0,Neha,Unqualified,,Unqualified
L-0625,2026-07-13 18:18:00,Partner Referral,Felix Brown,felix.brown@yarrowtunbank.example,Company,Yarrowtun Bank,https://yarrowtunbank.example,Vietnam,Banking Data API,Evaluating card issuing providers for our payroll app. Can we get a demo and a cost comparison?,7,17.8,Rahul,,,Qualified+
L-0626,2026-07-14 09:39:00,Pricing Page Form,Zara Khan,zara.khan@letterdrop.example,Free,Glimmerfen Capital,,Vietnam,Payments - Payouts,Looking for pricing on KYC verification across 5 countries. Our current vendor keeps missing checks.,7,114.9,Rahul,,,Qualified+
L-0627,2026-07-15 22:02:00,Website Contact Form,Daniel Berg,daniel.berg@letterdrop.example,Free,Glimmerfen Bank,,Canada,Banking Data API,Can you give a free account for our hackathon project?,2,22.7,Neha,Unqualified,,Unqualified
L-0628,2026-07-16 12:42:00,Pricing Page Form,Yuki Silva,yuki.silva@inboxly.example,Free,Dunmarrow Wallet,,Nigeria,Payments - Cross-Border,Our team is building a lending product for small businesses. Need help with sandbox setup and credit rules. Timeline 2 to 3 months.,8,23.1,Vikram,Lost,,Qualified+
L-0629,2026-07-16 22:46:00,Docs Signup,Mei Novak,mei.novak@freemail.example,Free,,,Switzerland,Banking Data API,"Interested in learning about fintech, where do I start?",2,25.7,Vikram,Unqualified,,Unqualified
L-0630,2026-07-17 13:21:00,Website Contact Form,Noah Khan,noah919@freemail.example,Free,Boostquill Media,,Brazil,Other,Claim your cashback reward now at the link below.,1,18.6,Rahul,Spam,,Spam
L-0631,2026-07-17 15:27:00,Chat Widget,Ji-woo Chen,ji-woo587@throwaway.example,Disposable,,,Vietnam,Other,asdf qwer,2,,Unassigned,Spam,,Spam
L-0632,2026-07-17 21:41:00,Pricing Page Form,Grace Mehta,grace.mehta@pellowinmoney.example,Company,Pellowin Money,https://pellowinmoney.example,Vietnam,Lending - Loan Origination,We raised a seed round and plan to launch a digital savings platform for SMEs. Want to discuss infrastructure.,10,19.3,Vikram,Lost,,Qualified+
L-0633,2026-07-18 12:09:00,Pricing Page Form,Hana Sharma,hana532@codewhistleoutsourcing.example,Company,Codewhistle Outsourcing,https://codewhistleoutsourcing.example,South Korea,KYC Verification,"Boost your Twitter followers and Telegram members, organic fintech marketing.",1,,Rahul,Spam,,Spam
L-0634,2026-07-18 19:38:00,Docs Signup,Daniel Garcia,daniel.garcia@webmail.example,Free,Zellowmark Finance,,USA,Other,Can I use your API for a personal budget tracker?,4,14.9,Vikram,,,Unqualified
L-0635,2026-07-18 22:53:00,Website Contact Form,Kenji Tanaka,kenji.tanaka@brindlewicklabs.example,Company,Brindlewick Labs,https://brindlewicklabs.example,Brazil,Lending - Credit Scoring,Our team is building a lending product for small businesses. Need help with sandbox setup and credit rules. Timeline 2 to 3 months.,11,87.9,Rahul,,,Qualified+
L-0636,2026-07-19 22:55:00,Chat Widget,Grace Okafor,grace.okafor@postbox.example,Free,Glimmerfen Commerce,,UK,Banking Data API,"Interested in learning about fintech, where do I start?",2,120.4,Unassigned,Unqualified,,Unqualified
L-0637,2026-07-19 23:11:00,Pricing Page Form,Fatima Tanaka,fatima.tanaka@thornlaceybank.example,Company,Thornlacey Bank,https://thornlaceybank.example,USA,Payments - Card Issuing,Are you hiring fintech developers? Please share openings.,2,7.6,Unassigned,,,Unqualified
L-0638,2026-07-20 10:51:00,Partner Referral,Lina Khan,lina.khan@quillmoorwallet.example,Company,Quillmoor Wallet,https://quillmoorwallet.example,Singapore,Payments - Cross-Border,Our team is building a lending product for small businesses. Need help with sandbox setup and credit rules. Timeline 2 to 3 months.,11,30.6,Neha,Qualified,,Qualified+
L-0639,2026-07-20 14:44:00,Pricing Page Form,Sam Muller,sam234@rankfarrowseoagency.example,Company,Rankfarrow SEO Agency,https://rankfarrowseoagency.example,Singapore,KYC Verification,asdf qwer,1,,Rahul,Spam,,Spam
L-0640,2026-07-22 06:44:00,Website Contact Form,Ji-woo Lee,ji-woo.lee@pellowincapital.example,Company,Pellowin Capital,https://pellowincapital.example,UAE,Banking Data API,Our team is building a lending product for small businesses. Need help with sandbox setup and credit rules. Timeline 2 to 3 months.,5,7.0,Rahul,Open,,Not qualified
L-0641,2026-07-22 07:23:00,Event,Leon Berg,leon.berg@letterdrop.example,Free,,,Nigeria,Other,"Interested in learning about fintech, where do I start?",1,14.3,Rahul,,,Unqualified
L-0642,2026-07-22 21:41:00,Partner Referral,Zara Patel,zara968@letterdrop.example,Free,Rankfarrow SEO Agency,,South Korea,Other,"We are a dev agency from offshore, 20 fintech developers available at low rates.",2,,Rahul,,,Spam
L-0643,2026-07-23 07:00:00,Event,Ananya Berg,ananya.berg@inboxly.example,Free,,,UK,Payments - Card Issuing,Can I use your API for a personal budget tracker?,4,12.0,Vikram,Unqualified,,Unqualified
L-0644,2026-07-23 17:00:00,Chat Widget,Daniel Patel,daniel935@tempinbox.example,Disposable,,,UAE,Payments - Card Issuing,"Exclusive investment opportunity with 300% returns, DM on telegram.",2,24.6,Neha,,,Spam
L-0645,2026-07-24 08:03:00,Website Contact Form,Mei Okafor,mei.okafor@larkspindlelabs.example,Company,Larkspindle Labs,https://larkspindlelabs.example,Singapore,Payments - Cross-Border,We raised a seed round and plan to launch a digital savings platform for SMEs. Want to discuss infrastructure.,3,292.6,Rahul,Qualified,,Qualified+
L-0646,2026-07-24 08:03:00,Chat Widget,Mateo Chen,mateo777@letterdrop.example,Free,Listpeak Directory,,Singapore,Other,hi,1,49.2,Unassigned,Spam,,Spam
L-0647,2026-07-24 19:35:00,Website Contact Form,Sofia Okafor,sofia.okafor@marrowgatecapital.example,Company,Marrowgate Capital,https://marrowgatecapital.example,Nigeria,Payments - Payouts,Our team is building a lending product for small businesses. Need help with sandbox setup and credit rules. Timeline 2 to 3 months.,8,18.7,Vikram,Lost,,Qualified+
L-0648,2026-07-25 02:48:00,Website Contact Form,Sofia Garcia,sofia625@webmail.example,Free,Listpeak Directory,,Brazil,Other,hi,1,45.0,Rahul,Spam,,Spam
L-0649,2026-07-25 05:04:00,Chat Widget,Lina Haddad,lina.haddad@freemail.example,Free,,,Singapore,KYC Verification,Can I use your API for a personal budget tracker?,4,17.2,Neha,,,Unqualified
L-0650,2026-07-25 05:38:00,Website Contact Form,Mei Ivanova,mei.ivanova@freemail.example,Free,Larkspindle Finance,,UK,Lending - Credit Scoring,Evaluating card issuing providers for our marketplace app. Can we get a demo and a cost comparison?,2,2.1,Unassigned,Open,,Not qualified
L-0651,2026-07-25 12:26:00,Website Contact Form,Sofia Mehta,sofia712@letterdrop.example,Free,Boostquill Media,,Vietnam,KYC Verification,"Boost your Twitter followers and Telegram members, organic fintech marketing.",2,60.1,Rahul,,,Spam
L-0652,2026-07-25 16:12:00,LinkedIn ABM,Yuki Rossi,yuki.rossi@letterdrop.example,Free,Vexmoor Labs,,Switzerland,Banking Data API,Our team is building a lending product for small businesses. Need help with sandbox setup and credit rules. Timeline 2 to 3 months.,1,4.6,Rahul,Unqualified,,Not qualified
L-0653,2026-07-26 08:51:00,Pricing Page Form,Mateo Chen,mateo.chen@marrowgatelabs.example,Company,Marrowgate Labs,https://marrowgatelabs.example,India,Lending - Credit Scoring,Evaluating card issuing providers for our BNPL app. Can we get a demo and a cost comparison?,9,12.5,Unassigned,Qualified,,Qualified+
L-0654,2026-07-26 20:47:00,Event,Yuki Rossi,yuki.rossi@ferrowindsystems.example,Company,Ferrowind Systems,https://ferrowindsystems.example,Switzerland,Lending - Credit Scoring,Looking for pricing on KYC verification across 3 countries. Our current vendor keeps missing checks.,6,13.2,Neha,Unqualified,,Not qualified
L-0655,2026-07-27 20:59:00,Chat Widget,Tariq Novak,tariq.novak@letterdrop.example,Free,Orrowmere Money,,Nigeria,Payments - Card Issuing,We are launching a remittance product and need a managed card issuing setup with go-live in Q1.,4,8.8,Unassigned,Unqualified,,Not qualified
L-0656,2026-07-28 07:37:00,LinkedIn ABM,Elena Lee,elena.lee@postbox.example,Free,Sallowfenn Commerce,,South Korea,Payments - Card Issuing,Our team is building a lending product for small businesses. Need help with sandbox setup and credit rules. Timeline 2 to 3 months.,11,8.0,Rahul,Qualified,,Qualified+
L-0657,2026-07-28 09:04:00,Pricing Page Form,Zara Chen,zara.chen@zellowmarklabs.example,Company,Zellowmark Labs,https://zellowmarklabs.example,Switzerland,Payments - Payouts,We are launching a payroll product and need a managed payouts setup with go-live in Q4.,5,4.2,Unassigned,Open,,Not qualified
L-0658,2026-07-28 16:17:00,LinkedIn ABM,Leon Mehta,leon.mehta@postbox.example,Free,Thornlacey Finance,,Nigeria,KYC Verification,I am a student researching open banking for my thesis. Can you share some material?,3,3.2,Neha,,,Unqualified
L-0659,2026-07-28 23:57:00,Docs Signup,Kenji Costa,kenji.costa@freemail.example,Free,,,India,KYC Verification,"Interested in learning about fintech, where do I start?",2,12.0,Unassigned,,,Unqualified
L-0660,2026-07-30 18:18:00,Pricing Page Form,Grace Ivanova,grace.ivanova@plumeridgecapital.example,Company,Plumeridge Capital,https://plumeridgecapital.example,Canada,Banking Data API,"Interested in learning about fintech, where do I start?",1,15.1,Unassigned,Unqualified,,Unqualified
L-0661,2026-07-30 18:50:00,LinkedIn ABM,Marco Nguyen,marco.nguyen@postbox.example,Free,,,Nigeria,Other,I am a student researching open banking for my thesis. Can you share some material?,3,3.9,Rahul,Unqualified,,Unqualified
L-0662,2026-07-31 06:05:00,Event,Tariq Silva,tariq.silva@webmail.example,Free,,,UAE,Other,Can you give a free account for our hackathon project?,2,158.1,Vikram,Unqualified,,Unqualified
L-0663,2026-07-31 11:04:00,Chat Widget,Priya Berg,priya.berg@webmail.example,Free,Quillmoor Bank,,South Korea,Other,"Just exploring, what does your company do?",1,2.4,Unassigned,,,Unqualified
L-0664,2026-08-01 02:18:00,LinkedIn ABM,Lucas Rossi,lucas.rossi@letterdrop.example,Free,Umberwick Commerce,,USA,Payments - Payouts,We are launching a marketplace product and need a managed payouts setup with go-live in Q1.,11,39.8,Vikram,Lost,,Qualified+
L-0665,2026-08-01 18:56:00,Website Contact Form,Sofia Silva,sofia.silva@postbox.example,Free,Kestralith Labs,,Turkey,Banking Data API,"Just exploring, what does your company do?",2,5.5,Unassigned,Unqualified,,Unqualified
L-0666,2026-08-02 05:44:00,LinkedIn ABM,Ravi Muller,ravi.muller@postbox.example,Free,Vexmoor Money,,India,Other,"Just exploring, what does your company do?",4,5.1,Vikram,,,Unqualified
L-0667,2026-08-02 16:42:00,Website Contact Form,Grace Rossi,grace.rossi@hollowquaypay.example,Company,Hollowquay Pay,https://hollowquaypay.example,Brazil,KYC Verification,"Just exploring, what does your company do?",3,3.2,Neha,Unqualified,,Unqualified
L-0668,2026-08-02 16:49:00,Website Contact Form,Lina Nguyen,lina.nguyen@thornlaceyfinance.example,Company,Thornlacey Finance,https://thornlaceyfinance.example,Canada,Payments - Card Issuing,"Migrating from another provider for our card program, need a quote this month.",12,12.5,Vikram,,,Qualified+
L-0669,2026-08-03 03:49:00,Chat Widget,Hana Costa,hana.costa@rushbarrowpay.example,Company,Rushbarrow Pay,https://rushbarrowpay.example,UK,KYC Verification,Can you give a free account for our hackathon project?,2,25.1,Rahul,,,Unqualified
L-0670,2026-08-03 04:55:00,Partner Referral,Ethan Berg,ethan.berg@letterdrop.example,Free,,,Japan,Banking Data API,Can I use your API for a personal budget tracker?,1,61.7,Unassigned,Unqualified,,Unqualified
L-0671,2026-08-03 15:09:00,Website Contact Form,Hana Patel,hana570@freemail.example,Free,Boostquill Media,,South Korea,Other,Claim your cashback reward now at the link below.,1,32.4,Unassigned,Spam,,Spam
L-0672,2026-08-03 17:09:00,Website Contact Form,Aisha Okafor,aisha.okafor@kestralithmoney.example,Company,Kestralith Money,https://kestralithmoney.example,USA,Payments - Cross-Border,We are launching a marketplace product and need a managed cross-border setup with go-live in Q4.,6,29.7,Rahul,,,Qualified+
L-0673,2026-08-04 12:25:00,Website Contact Form,Grace Okafor,grace461@letterdrop.example,Free,Rankfarrow SEO Agency,,Switzerland,Payments - Card Issuing,asdf qwer,1,,Unassigned,Spam,,Spam
L-0674,2026-08-04 18:26:00,Website Contact Form,Mei Okafor,mei443@webmail.example,Free,,,Turkey,Other,hi,1,13.5,Rahul,Spam,,Spam
L-0675,2026-08-05 02:37:00,Docs Signup,Ananya Nguyen,ananya.nguyen@quillmoorbank.example,Company,Quillmoor Bank,https://quillmoorbank.example,Nigeria,Lending - Loan Origination,Evaluating card issuing providers for our marketplace app. Can we get a demo and a cost comparison?,4,19.5,Neha,Won,24000.0,Qualified+
L-0676,2026-08-05 06:09:00,LinkedIn ABM,Elena Haddad,elena.haddad@sallowfennpay.example,Company,Sallowfenn Pay,https://sallowfennpay.example,Switzerland,Banking Data API,Can you give a free account for our hackathon project?,1,65.3,Vikram,Unqualified,,Unqualified
L-0677,2026-08-05 14:21:00,Website Contact Form,Ananya Tanaka,ananya.tanaka@kestralithpay.example,Company,Kestralith Pay,https://kestralithpay.example,UAE,Lending - Loan Origination,"Migrating from another provider for our card program, need a quote this month.",12,17.8,Neha,Qualified,,Qualified+
L-0678,2026-08-08 12:34:00,Partner Referral,Ivan Nguyen,ivan.nguyen@tarnvalelabs.example,Company,Tarnvale Labs,https://tarnvalelabs.example,Turkey,Payments - Card Issuing,Looking for pricing on KYC verification across 3 countries. Our current vendor keeps missing checks.,7,5.9,Rahul,Won,24000.0,Qualified+
L-0679,2026-08-08 15:17:00,Website Contact Form,Ananya Rossi,ananya.rossi@umberwickpay.example,Company,Umberwick Pay,https://umberwickpay.example,Nigeria,Banking Data API,"Need a banking data API with SLA for our budgeting app, around 14M calls per day.",1,43.8,Unassigned,Open,,Not qualified
L-0680,2026-08-09 00:40:00,Website Contact Form,Kenji Sharma,kenji277@boostquillmedia.example,Company,Boostquill Media,https://boostquillmedia.example,UK,Payments - Card Issuing,hi,1,47.5,Unassigned,Spam,,Spam
L-0681,2026-08-09 18:48:00,Chat Widget,Ji-woo Chen,ji-woo159@hypemarrowpr.example,Company,Hypemarrow PR,https://hypemarrowpr.example,Brazil,Payments - Card Issuing,Claim your cashback reward now at the link below.,1,21.1,Rahul,Spam,,Spam
L-0682,2026-08-10 10:37:00,Pricing Page Form,Fatima Garcia,fatima.garcia@pellowincommerce.example,Company,Pellowin Commerce,https://pellowincommerce.example,Canada,Payments - Cross-Border,We are launching a payroll product and need a managed cross-border setup with go-live in Q3.,3,35.0,Unassigned,Open,,Not qualified
L-0683,2026-08-11 16:24:00,Website Contact Form,Felix Garcia,felix.garcia@freemail.example,Free,Orrowmere Money,,Brazil,KYC Verification,Our team is building a lending product for small businesses. Need help with sandbox setup and credit rules. Timeline 2 to 3 months.,4,52.8,Unassigned,,,Qualified+
L-0684,2026-08-11 18:23:00,Event,Noah Lee,noah.lee@freemail.example,Free,Wyndlefoss Bank,,USA,Payments - Card Issuing,We raised a seed round and plan to launch a digital savings platform for SMEs. Want to discuss infrastructure.,3,2.4,Vikram,Unqualified,,Not qualified
L-0685,2026-08-12 02:17:00,Docs Signup,Grace Patel,grace.patel@webmail.example,Free,Rushbarrow Money,,UAE,Banking Data API,Can you give a free account for our hackathon project?,3,30.9,Neha,Unqualified,,Unqualified
L-0686,2026-08-12 07:46:00,Website Contact Form,Sam Haddad,sam.haddad@tarnvalelabs.example,Company,Tarnvale Labs,https://tarnvalelabs.example,Japan,Payments - Cross-Border,"Need a banking data API with SLA for our budgeting app, around 46M calls per day.",4,12.6,Neha,Qualified,,Qualified+
L-0687,2026-08-12 09:29:00,Website Contact Form,Tariq Rossi,tariq675@inboxly.example,Free,Listpeak Directory,,Vietnam,Other,"We are a dev agency from offshore, 20 fintech developers available at low rates.",2,26.9,Unassigned,Spam,,Spam
L-0688,2026-08-12 22:46:00,Chat Widget,Mateo Patel,mateo396@tempinbox.example,Disposable,,,Nigeria,Other,test,2,18.9,Unassigned,Spam,,Spam
L-0689,2026-08-13 03:00:00,Docs Signup,Kenji Chen,kenji.chen@hollowquaystudio.example,Company,Hollowquay Studio,https://hollowquaystudio.example,South Korea,Banking Data API,"Need a banking data API with SLA for our budgeting app, around 11M calls per day.",3,84.1,Rahul,Open,,Not qualified
L-0690,2026-08-13 14:49:00,Chat Widget,Noah Tanaka,noah.tanaka@freemail.example,Free,Marrowgate Bank,,Japan,KYC Verification,I am a student researching open banking for my thesis. Can you share some material?,4,0.5,Neha,Unqualified,,Unqualified
L-0691,2026-08-13 16:31:00,Partner Referral,Chloe Lee,chloe.lee@larkspindlepay.example,Company,Larkspindle Pay,https://larkspindlepay.example,Germany,Payments - Virtual Accounts,Looking for pricing on KYC verification across 2 countries. Our current vendor keeps missing checks.,3,29.6,Vikram,Qualified,,Qualified+
L-0692,2026-08-13 16:59:00,LinkedIn ABM,Priya Novak,priya102@inboxly.example,Free,Listpeak Directory,,India,Payments - Card Issuing,"Get your app listing on top review sites in 48 hours, guaranteed. Contact our listing agent.",1,,Unassigned,Spam,,Spam
L-0693,2026-08-13 20:21:00,Docs Signup,Aisha Berg,aisha.berg@inboxly.example,Free,Dunmarrow Commerce,,Nigeria,Lending - Credit Scoring,We raised a seed round and plan to launch a digital savings platform for SMEs. Want to discuss infrastructure.,2,8.6,Vikram,Open,,Not qualified
L-0694,2026-08-13 22:05:00,Website Contact Form,Zara Kim,zara.kim@freemail.example,Free,,,India,Banking Data API,Are you hiring fintech developers? Please share openings.,3,5.1,Unassigned,Unqualified,,Unqualified
L-0695,2026-08-13 23:30:00,Pricing Page Form,Grace Haddad,grace.haddad@tarnvalestudio.example,Company,Tarnvale Studio,https://tarnvalestudio.example,Vietnam,Lending - Credit Scoring,We are launching a marketplace product and need a managed card issuing setup with go-live in Q3.,5,12.1,Rahul,Lost,,Qualified+
L-0696,2026-08-14 08:44:00,Pricing Page Form,Ethan Sharma,ethan.sharma@wyndlefosssystems.example,Company,Wyndlefoss Systems,https://wyndlefosssystems.example,Turkey,Payments - Cross-Border,"Need a banking data API with SLA for our budgeting app, around 68M calls per day.",4,9.9,Rahul,Unqualified,,Not qualified
L-0697,2026-08-14 11:23:00,Chat Widget,Aisha Berg,aisha889@codewhistleoutsourcing.example,Company,Codewhistle Outsourcing,https://codewhistleoutsourcing.example,UAE,Other,We offer premium SEO backlinks and guest post services for fintech websites. Reply for rates.,2,47.5,Unassigned,Spam,,Spam
L-0698,2026-08-16 08:54:00,LinkedIn ABM,Arjun Ivanova,arjun.ivanova@rushbarrowstudio.example,Company,Rushbarrow Studio,https://rushbarrowstudio.example,UAE,KYC Verification,Evaluating card issuing providers for our loyalty app. Can we get a demo and a cost comparison?,9,22.5,Vikram,Won,120000.0,Qualified+
L-0699,2026-08-17 08:28:00,Website Contact Form,Mateo Silva,mateo.silva@webmail.example,Free,Glimmerfen Studio,,Nigeria,Lending - Loan Origination,Our team is building a lending product for small businesses. Need help with sandbox setup and credit rules. Timeline 2 to 3 months.,3,11.7,Unassigned,Unqualified,,Not qualified
L-0700,2026-08-17 22:20:00,Website Contact Form,Lina Muller,lina.muller@marrowgatecommerce.example,Company,Marrowgate Commerce,https://marrowgatecommerce.example,UK,Payments - Payouts,Looking for pricing on KYC verification across 6 countries. Our current vendor keeps missing checks.,5,8.4,Neha,Unqualified,,Not qualified
L-0701,2026-08-18 04:00:00,Website Contact Form,Daniel Kim,daniel.kim@webmail.example,Free,Dunmarrow Bank,,Vietnam,Other,Are you hiring fintech developers? Please share openings.,2,6.2,Rahul,Unqualified,,Unqualified
L-0702,2026-08-18 04:57:00,Chat Widget,Omar Kim,omar771@freemail.example,Free,,,UAE,Other,"We are a dev agency from offshore, 20 fintech developers available at low rates.",1,15.5,Unassigned,Spam,,Spam
L-0703,2026-08-18 17:28:00,Pricing Page Form,Elena Kim,elena.kim@umberwickcommerce.example,Company,Umberwick Commerce,https://umberwickcommerce.example,USA,KYC Verification,"Migrating from another provider for our card program, need a quote this month.",6,8.2,Neha,Lost,,Qualified+
L-0704,2026-08-19 13:10:00,LinkedIn ABM,Fatima Khan,fatima.khan@ostrivostudio.example,Company,Ostrivo Studio,https://ostrivostudio.example,Canada,Payments - Payouts,Our team is building a lending product for small businesses. Need help with sandbox setup and credit rules. Timeline 2 to 3 months.,4,4.1,Neha,,,Qualified+
L-0705,2026-08-19 21:34:00,Docs Signup,Marco Haddad,marco.haddad@webmail.example,Free,Pellowin Studio,,Germany,Payments - Card Issuing,I am a student researching open banking for my thesis. Can you share some material?,2,25.8,Rahul,Unqualified,,Unqualified
L-0706,2026-08-19 23:31:00,Website Contact Form,Ananya Kim,ananya268@burnmail.example,Disposable,,,UK,Payments - Card Issuing,hi,2,,Neha,,,Spam
L-0707,2026-08-20 03:58:00,Chat Widget,Hana Sharma,hana861@codewhistleoutsourcing.example,Company,Codewhistle Outsourcing,https://codewhistleoutsourcing.example,Singapore,Other,We offer premium SEO backlinks and guest post services for fintech websites. Reply for rates.,1,10.7,Rahul,Spam,,Spam
L-0708,2026-08-20 10:41:00,Docs Signup,Elena Berg,elena180@burnmail.example,Disposable,,,Germany,Other,"Exclusive investment opportunity with 300% returns, DM on telegram.",2,,Rahul,Spam,,Spam
L-0709,2026-08-21 05:54:00,Website Contact Form,Sofia Tanaka,sofia873@burnmail.example,Disposable,,,Switzerland,Other,"We are a dev agency from offshore, 20 fintech developers available at low rates.",1,,Rahul,Spam,,Spam
L-0710,2026-08-22 06:02:00,Pricing Page Form,Zara Sharma,zara30@boostquillmedia.example,Company,Boostquill Media,https://boostquillmedia.example,Singapore,Other,test,1,,Rahul,Spam,,Spam
L-0711,2026-08-22 08:44:00,Docs Signup,Aisha Lee,aisha.lee@postbox.example,Free,Quarrytide Money,,Singapore,Other,"Interested in learning about fintech, where do I start?",1,10.4,Vikram,Unqualified,,Unqualified
L-0712,2026-08-22 10:13:00,Chat Widget,Nadia Garcia,nadia.garcia@letterdrop.example,Free,Yarrowtun Wallet,,Switzerland,Lending - Credit Scoring,Looking for pricing on KYC verification across 4 countries. Our current vendor keeps missing checks.,4,11.1,Vikram,Open,,Not qualified
L-0713,2026-08-22 11:25:00,Website Contact Form,Leon Okafor,arjun286@freemail.example,Free,Rankfarrow SEO Agency,,India,KYC Verification,"Get your app listing on top review sites in 48 hours, guaranteed. Contact our listing agent.",2,19.7,Unassigned,Spam,,Spam
L-0714,2026-08-22 22:00:00,Website Contact Form,Yuki Okafor,yuki.okafor@tarnvalewallet.example,Company,Tarnvale Wallet,https://tarnvalewallet.example,Switzerland,Lending - Credit Scoring,We raised a seed round and plan to launch a digital savings platform for SMEs. Want to discuss infrastructure.,8,38.7,Rahul,Lost,,Qualified+
L-0715,2026-08-23 03:58:00,Chat Widget,Ji-woo Sharma,ji-woo281@freemail.example,Free,Boostquill Media,,Japan,KYC Verification,"Boost your Twitter followers and Telegram members, organic fintech marketing.",1,,Rahul,Spam,,Spam
L-0716,2026-08-23 20:06:00,Pricing Page Form,Sofia Muller,sofia.muller@glimmerfenpay.example,Company,Glimmerfen Pay,https://glimmerfenpay.example,Canada,Payments - Virtual Accounts,"Need a banking data API with SLA for our budgeting app, around 12M calls per day.",7,60.5,Rahul,Lost,,Qualified+
L-0717,2026-08-24 00:53:00,Pricing Page Form,Ji-woo Mehta,elena60@vanishmail.example,Company,Rankfarrow SEO Agency,https://rankfarrowseoagency.example,USA,Other,asdf qwer,2,,Rahul,Spam,,Spam
L-0718,2026-08-24 22:07:00,Chat Widget,Ji-woo Sharma,ji-woo.sharma@postbox.example,Free,,,India,Payments - Card Issuing,Can I use your API for a personal budget tracker?,3,42.9,Rahul,Unqualified,,Unqualified
L-0719,2026-08-25 10:30:00,Website Contact Form,Lucas Mehta,lucas.mehta@freemail.example,Free,Nettlebrisk Systems,,Canada,KYC Verification,I am a student researching open banking for my thesis. Can you share some material?,2,14.7,Vikram,Unqualified,,Unqualified
L-0720,2026-08-26 06:05:00,LinkedIn ABM,Mei Nguyen,mei.nguyen@letterdrop.example,Free,Marrowgate Systems,,Nigeria,Lending - Loan Origination,Looking for pricing on KYC verification across 2 countries. Our current vendor keeps missing checks.,4,36.7,Neha,Open,,Qualified+
L-0721,2026-08-26 14:28:00,Website Contact Form,Kenji Berg,kenji.berg@freemail.example,Free,,,Brazil,KYC Verification,"Just exploring, what does your company do?",1,8.3,Unassigned,Unqualified,,Unqualified
L-0722,2026-08-26 19:06:00,Chat Widget,Nadia Rossi,nadia.rossi@sallowfennsystems.example,Company,Sallowfenn Systems,https://sallowfennsystems.example,UAE,Payments - Card Issuing,Looking for pricing on KYC verification across 4 countries. Our current vendor keeps missing checks.,10,3.0,Neha,Qualified,,Qualified+
L-0723,2026-08-28 02:11:00,LinkedIn ABM,Arjun Mehta,arjun.mehta@postbox.example,Free,,,UAE,Banking Data API,Are you hiring fintech developers? Please share openings.,4,48.3,Vikram,Unqualified,,Unqualified
L-0724,2026-08-28 02:37:00,Docs Signup,Lucas Kim,lucas.kim@plumeridgesystems.example,Company,Plumeridge Systems,https://plumeridgesystems.example,Vietnam,Banking Data API,We raised a seed round and plan to launch a digital savings platform for SMEs. Want to discuss infrastructure.,6,12.8,Unassigned,Open,,Not qualified
L-0725,2026-08-28 17:06:00,LinkedIn ABM,Chloe Chen,chloe.chen@letterdrop.example,Free,,,Singapore,Banking Data API,"Interested in learning about fintech, where do I start?",3,22.5,Vikram,Unqualified,,Unqualified
L-0726,2026-08-29 17:10:00,Website Contact Form,Arjun Haddad,arjun257@throwaway.example,Disposable,,,USA,Other,Claim your cashback reward now at the link below.,2,,Unassigned,Spam,,Spam
L-0727,2026-08-30 13:49:00,Event,Daniel Kim,daniel.kim@freemail.example,Free,Larkspindle Studio,,USA,Lending - Credit Scoring,"Migrating from another provider for our card program, need a quote this month.",3,12.7,Neha,,,Not qualified
L-0728,2026-08-30 14:32:00,Event,Grace Chen,grace.chen@freemail.example,Free,Quarrytide Pay,,Singapore,Payments - Card Issuing,We are launching a remittance product and need a managed card issuing setup with go-live in Q4.,3,5.7,Rahul,Open,,Not qualified
L-0729,2026-08-31 21:40:00,Docs Signup,Omar Brown,omar492@postbox.example,Free,,,Canada,Payments - Card Issuing,"Exclusive investment opportunity with 300% returns, DM on telegram.",1,,Rahul,Spam,,Spam
L-0730,2026-09-01 11:27:00,Docs Signup,Noah Sharma,noah801@webmail.example,Free,Rankfarrow SEO Agency,,Switzerland,Payments - Card Issuing,"Exclusive investment opportunity with 300% returns, DM on telegram.",1,26.7,Neha,,,Spam
L-0731,2026-09-01 17:44:00,LinkedIn ABM,Mateo Haddad,mateo.haddad@postbox.example,Free,,,Germany,KYC Verification,"Just exploring, what does your company do?",4,4.8,Neha,Unqualified,,Unqualified
L-0732,2026-09-02 05:36:00,Chat Widget,Leon Chen,ravi714@hypemarrowpr.example,Free,Listpeak Directory,,Japan,Other,We offer premium SEO backlinks and guest post services for fintech websites. Reply for rates.,2,23.4,Rahul,Spam,,Spam
L-0733,2026-09-02 14:09:00,Docs Signup,Daniel Khan,daniel.khan@letterdrop.example,Free,Thornlacey Finance,,UAE,Payments - Payouts,"Need a banking data API with SLA for our budgeting app, around 53M calls per day.",1,12.6,Rahul,,,Not qualified
L-0734,2026-09-02 18:09:00,Website Contact Form,Ravi Berg,ravi714@hypemarrowpr.example,Company,Hypemarrow PR,https://hypemarrowpr.example,USA,Payments - Card Issuing,"Boost your Twitter followers and Telegram members, organic fintech marketing.",2,7.1,Rahul,,,Spam
L-0735,2026-09-03 05:30:00,Website Contact Form,Felix Tanaka,felix612@codewhistleoutsourcing.example,Company,Codewhistle Outsourcing,https://codewhistleoutsourcing.example,Nigeria,KYC Verification,asdf qwer,1,80.2,Unassigned,Spam,,Spam
L-0736,2026-09-03 08:03:00,Website Contact Form,Ivan Haddad,ivan363@codewhistleoutsourcing.example,Company,Codewhistle Outsourcing,https://codewhistleoutsourcing.example,Switzerland,Other,"Boost your Twitter followers and Telegram members, organic fintech marketing.",2,29.5,Neha,,,Spam
L-0737,2026-09-03 12:19:00,Pricing Page Form,Lina Haddad,lina.haddad@quarrytidecapital.example,Company,Quarrytide Capital,https://quarrytidecapital.example,Switzerland,KYC Verification,"Need a banking data API with SLA for our budgeting app, around 48M calls per day.",6,15.0,Unassigned,Unqualified,,Not qualified
L-0738,2026-09-03 13:28:00,Website Contact Form,Ethan Garcia,kenji862@listpeakdirectory.example,Disposable,,,USA,KYC Verification,hi,2,,Rahul,Spam,,Spam
L-0739,2026-09-03 14:31:00,LinkedIn ABM,Omar Lee,omar.lee@freemail.example,Free,,,Germany,KYC Verification,Can I use your API for a personal budget tracker?,2,22.2,Neha,Unqualified,,Unqualified
L-0740,2026-09-03 14:45:00,Docs Signup,Kenji Khan,kenji.khan@marrowgatestudio.example,Company,Marrowgate Studio,https://marrowgatestudio.example,Nigeria,KYC Verification,We raised a seed round and plan to launch a digital savings platform for SMEs. Want to discuss infrastructure.,1,18.9,Vikram,Open,,Not qualified
L-0741,2026-09-04 05:56:00,Event,Arjun Sharma,arjun.sharma@postbox.example,Free,Quarrytide Systems,,Singapore,Payments - Virtual Accounts,Our team is building a lending product for small businesses. Need help with sandbox setup and credit rules. Timeline 2 to 3 months.,5,58.9,Vikram,,,Not qualified
L-0742,2026-09-04 07:56:00,Website Contact Form,Omar Haddad,omar.haddad@pellowinbank.example,Company,Pellowin Bank,https://pellowinbank.example,UAE,KYC Verification,Looking for pricing on KYC verification across 4 countries. Our current vendor keeps missing checks.,4,20.0,Vikram,Open,,Not qualified
L-0743,2026-09-04 19:56:00,Chat Widget,Nadia Okafor,nadia749@letterdrop.example,Free,Boostquill Media,,Turkey,Other,asdf qwer,1,,Unassigned,Spam,,Spam
L-0744,2026-09-04 23:32:00,Chat Widget,Sofia Silva,sofia542@quickdrop.example,Disposable,,,Turkey,KYC Verification,We offer premium SEO backlinks and guest post services for fintech websites. Reply for rates.,1,15.5,Vikram,,,Spam
L-0745,2026-09-05 04:09:00,Pricing Page Form,Grace Khan,grace.khan@freemail.example,Free,Juniperholt Studio,,USA,Banking Data API,"Interested in learning about fintech, where do I start?",4,9.2,Vikram,Unqualified,,Unqualified
L-0746,2026-09-05 13:49:00,Website Contact Form,Kenji Silva,kenji.silva@inboxly.example,Free,Zellowmark Systems,,Canada,Banking Data API,"Interested in learning about fintech, where do I start?",3,22.5,Unassigned,Unqualified,,Unqualified
L-0747,2026-09-05 18:14:00,Partner Referral,Marco Novak,marco.novak@letterdrop.example,Free,,,Singapore,KYC Verification,"Just exploring, what does your company do?",4,47.8,Vikram,Unqualified,,Unqualified
L-0748,2026-09-05 21:44:00,Chat Widget,Yuki Ivanova,yuki.ivanova@inboxly.example,Free,Yarrowtun Money,,Turkey,Lending - Credit Scoring,Our team is building a lending product for small businesses. Need help with sandbox setup and credit rules. Timeline 2 to 3 months.,4,37.8,Vikram,Open,,Not qualified
L-0749,2026-09-06 02:57:00,Website Contact Form,Ravi Muller,ravi706@webmail.example,Free,,,South Korea,Other,test,1,,Vikram,,,Spam
L-0750,2026-09-06 04:14:00,Event,Omar Silva,omar.silva@freemail.example,Free,Tarnvale Money,,Brazil,Banking Data API,We raised a seed round and plan to launch a digital savings platform for SMEs. Want to discuss infrastructure.,4,5.3,Vikram,Open,,Not qualified
L-0751,2026-09-06 10:20:00,Docs Signup,Nadia Ivanova,nadia.ivanova@plumeridgefinance.example,Company,Plumeridge Finance,https://plumeridgefinance.example,Singapore,Payments - Card Issuing,We raised a seed round and plan to launch a digital savings platform for SMEs. Want to discuss infrastructure.,3,22.6,Rahul,Open,,Not qualified
L-0752,2026-09-06 12:26:00,Website Contact Form,Daniel Mehta,lucas96@letterdrop.example,Disposable,,,Switzerland,Payments - Card Issuing,We offer premium SEO backlinks and guest post services for fintech websites. Reply for rates.,1,33.1,Unassigned,Spam,,Spam
L-0753,2026-09-06 14:00:00,Website Contact Form,Zara Nguyen,zara726@tempinbox.example,Disposable,,,Vietnam,Payments - Card Issuing,hi,1,8.0,Rahul,Spam,,Spam
L-0754,2026-09-06 14:19:00,Pricing Page Form,Ananya Nguyen,ananya.nguyen@hollowquaybank.example,Company,Hollowquay Bank,https://hollowquaybank.example,Vietnam,Payments - Cross-Border,"Migrating from another provider for our card program, need a quote this month.",11,12.7,Vikram,Open,,Qualified+
L-0755,2026-09-06 15:36:00,Docs Signup,Lucas Berg,lucas.berg@postbox.example,Free,Ostrivo Pay,,UK,Other,"Just exploring, what does your company do?",4,7.6,Rahul,,,Unqualified
L-0756,2026-09-06 23:27:00,Pricing Page Form,Sofia Patel,sofia.patel@ostrivocommerce.example,Company,Ostrivo Commerce,https://ostrivocommerce.example,India,Payments - Cross-Border,Our team is building a lending product for small businesses. Need help with sandbox setup and credit rules. Timeline 2 to 3 months.,6,6.1,Vikram,Qualified,,Qualified+
L-0757,2026-09-07 04:33:00,Website Contact Form,Tariq Khan,tariq279@throwaway.example,Disposable,,,Germany,Other,Claim your cashback reward now at the link below.,1,,Unassigned,Spam,,Spam
L-0758,2026-09-07 14:52:00,Website Contact Form,Mei Ivanova,mei.ivanova@freemail.example,Free,Quarrytide Commerce,,Turkey,Other,Can I use your API for a personal budget tracker?,3,30.4,Vikram,Unqualified,,Unqualified
L-0759,2026-09-08 03:12:00,Event,Fatima Tanaka,fatima.tanaka@quarrytidefinance.example,Company,Quarrytide Finance,https://quarrytidefinance.example,Singapore,Payments - Payouts,Evaluating payouts providers for our remittance app. Can we get a demo and a cost comparison?,11,85.5,Rahul,Qualified,,Qualified+
L-0760,2026-09-08 07:08:00,Docs Signup,Arjun Costa,arjun.costa@yarrowtunlabs.example,Company,Yarrowtun Labs,https://yarrowtunlabs.example,Japan,Payments - Card Issuing,"Just exploring, what does your company do?",2,31.7,Neha,Unqualified,,Unqualified
L-0761,2026-09-08 08:17:00,Website Contact Form,Aisha Brown,aisha924@letterdrop.example,Free,,,Switzerland,Other,test,1,16.1,Unassigned,Spam,,Spam
L-0762,2026-09-09 03:26:00,Website Contact Form,Mateo Costa,mateo823@codewhistleoutsourcing.example,Company,Codewhistle Outsourcing,https://codewhistleoutsourcing.example,Switzerland,Payments - Card Issuing,"Get your app listing on top review sites in 48 hours, guaranteed. Contact our listing agent.",1,26.0,Unassigned,,,Spam
L-0763,2026-09-09 08:32:00,Event,Priya Berg,priya.berg@freemail.example,Free,Sallowfenn Wallet,,India,Banking Data API,I am a student researching open banking for my thesis. Can you share some material?,3,12.1,Neha,Unqualified,,Unqualified
L-0764,2026-09-09 17:48:00,Website Contact Form,Arjun Haddad,arjun391@postbox.example,Free,Listpeak Directory,,UAE,KYC Verification,"Exclusive investment opportunity with 300% returns, DM on telegram.",1,,Rahul,Spam,,Spam
L-0765,2026-09-10 10:47:00,Website Contact Form,Ethan Lee,ethan.lee@sallowfennstudio.example,Company,Sallowfenn Studio,https://sallowfennstudio.example,Switzerland,Payments - Virtual Accounts,Our team is building a lending product for small businesses. Need help with sandbox setup and credit rules. Timeline 2 to 3 months.,6,17.2,Unassigned,Open,,Not qualified
L-0766,2026-09-10 18:29:00,Website Contact Form,Ivan Sharma,ivan.sharma@letterdrop.example,Free,,,UK,Banking Data API,I am a student researching open banking for my thesis. Can you share some material?,3,136.3,Vikram,Unqualified,,Unqualified
L-0767,2026-09-11 02:03:00,Pricing Page Form,Lina Novak,lina.novak@marrowgatepay.example,Company,Marrowgate Pay,https://marrowgatepay.example,Brazil,Payments - Cross-Border,Our team is building a lending product for small businesses. Need help with sandbox setup and credit rules. Timeline 2 to 3 months.,3,18.8,Unassigned,Open,,Not qualified
L-0768,2026-09-11 15:56:00,Docs Signup,Ananya Berg,ananya.berg@postbox.example,Free,Pellowin Money,,UK,Banking Data API,"Interested in learning about fintech, where do I start?",4,23.2,Vikram,Unqualified,,Unqualified
L-0769,2026-09-11 18:38:00,Event,Aisha Brown,aisha.brown@freemail.example,Free,Sallowfenn Commerce,,Japan,KYC Verification,We are launching a payroll product and need a managed card issuing setup with go-live in Q2.,1,9.0,Neha,Unqualified,,Not qualified
L-0770,2026-09-11 20:36:00,Docs Signup,Hana Kim,hana.kim@zellowmarkwallet.example,Company,Zellowmark Wallet,https://zellowmarkwallet.example,UK,Payments - Card Issuing,Can you give a free account for our hackathon project?,1,2.1,Neha,,,Unqualified
L-0771,2026-09-12 16:40:00,Website Contact Form,Tariq Khan,tariq.khan@rushbarrowcapital.example,Company,Rushbarrow Capital,https://rushbarrowcapital.example,Germany,Payments - Cross-Border,Evaluating cross-border providers for our remittance app. Can we get a demo and a cost comparison?,9,22.5,Rahul,Open,,Qualified+
L-0772,2026-09-13 03:01:00,Website Contact Form,Mei Rossi,ethan135@hypemarrowpr.example,Disposable,,,Singapore,Other,We offer premium SEO backlinks and guest post services for fintech websites. Reply for rates.,1,,Rahul,Spam,,Spam
L-0773,2026-09-14 15:44:00,LinkedIn ABM,Ravi Haddad,ravi.haddad@postbox.example,Free,,,Singapore,Payments - Card Issuing,Are you hiring fintech developers? Please share openings.,4,16.5,Unassigned,,,Unqualified
L-0774,2026-09-14 19:03:00,Pricing Page Form,Hana Muller,hana803@vanishmail.example,Disposable,,,India,KYC Verification,test,2,75.4,Rahul,Spam,,Spam
L-0775,2026-09-15 00:15:00,Chat Widget,Priya Silva,priya.silva@freemail.example,Free,,,Japan,Banking Data API,Are you hiring fintech developers? Please share openings.,3,1.8,Rahul,Unqualified,,Unqualified
L-0776,2026-09-15 15:33:00,LinkedIn ABM,Mei Silva,mei.silva@freemail.example,Free,,,Nigeria,KYC Verification,Can I use your API for a personal budget tracker?,3,30.6,Neha,Unqualified,,Unqualified
L-0777,2026-09-15 18:15:00,Docs Signup,Sam Brown,sam.brown@rushbarrowfinance.example,Company,Rushbarrow Finance,https://rushbarrowfinance.example,UAE,Payments - Virtual Accounts,We are launching a remittance product and need a managed virtual accounts setup with go-live in Q2.,10,25.1,Neha,Qualified,,Qualified+
L-0778,2026-09-16 19:37:00,Docs Signup,Marco Sharma,marco.sharma@sallowfennwallet.example,Company,Sallowfenn Wallet,https://sallowfennwallet.example,Brazil,KYC Verification,"Interested in learning about fintech, where do I start?",1,18.1,Unassigned,Unqualified,,Unqualified
L-0779,2026-09-17 02:34:00,Event,Mateo Ivanova,elena60@vanishmail.example,Free,,,Singapore,Other,hi,2,9.8,Rahul,Spam,,Spam
L-0780,2026-09-17 15:49:00,Partner Referral,Omar Mehta,omar.mehta@postbox.example,Free,Hollowquay Wallet,,India,KYC Verification,Our team is building a lending product for small businesses. Need help with sandbox setup and credit rules. Timeline 2 to 3 months.,2,10.6,Vikram,Unqualified,,Not qualified
L-0781,2026-09-17 19:43:00,Chat Widget,Ji-woo Chen,ji-woo.chen@ostrivocommerce.example,Company,Ostrivo Commerce,https://ostrivocommerce.example,USA,Lending - Loan Origination,Evaluating card issuing providers for our BNPL app. Can we get a demo and a cost comparison?,3,3.7,Unassigned,Qualified,,Qualified+
L-0782,2026-09-17 22:21:00,Website Contact Form,Grace Kim,grace424@throwaway.example,Disposable,,,India,KYC Verification,We offer premium SEO backlinks and guest post services for fintech websites. Reply for rates.,1,15.5,Rahul,Spam,,Spam
L-0783,2026-09-18 00:36:00,Chat Widget,Marco Silva,marco568@codewhistleoutsourcing.example,Company,Codewhistle Outsourcing,https://codewhistleoutsourcing.example,South Korea,Other,We offer premium SEO backlinks and guest post services for fintech websites. Reply for rates.,1,32.1,Unassigned,Spam,,Spam
L-0784,2026-09-18 02:31:00,Chat Widget,Marco Ivanova,marco25@inboxly.example,Free,Boostquill Media,,Nigeria,Other,Claim your cashback reward now at the link below.,2,66.5,Unassigned,Spam,,Spam
L-0785,2026-09-19 02:46:00,Chat Widget,Nadia Kim,nadia.kim@brindlewickmoney.example,Company,Brindlewick Money,https://brindlewickmoney.example,Turkey,Lending - Loan Origination,We are launching a BNPL product and need a managed card issuing setup with go-live in Q3.,4,14.5,Rahul,Open,,Not qualified
L-0786,2026-09-19 09:52:00,Partner Referral,Ji-woo Novak,ji-woo.novak@inboxly.example,Free,Quillmoor Money,,Switzerland,Banking Data API,Are you hiring fintech developers? Please share openings.,4,13.7,Vikram,Unqualified,,Unqualified
L-0787,2026-09-20 05:40:00,Chat Widget,Hana Kim,hana.kim@zellowmarklabs.example,Company,Zellowmark Labs,https://zellowmarklabs.example,USA,Payments - Card Issuing,I am a student researching open banking for my thesis. Can you share some material?,3,10.7,Vikram,Unqualified,,Unqualified
L-0788,2026-09-20 12:26:00,Pricing Page Form,Noah Tanaka,noah877@letterdrop.example,Free,Listpeak Directory,,India,Other,"We are a dev agency from offshore, 20 fintech developers available at low rates.",2,12.3,Neha,,,Spam
L-0789,2026-09-20 12:48:00,Docs Signup,Daniel Costa,daniel.costa@postbox.example,Free,,,Canada,Payments - Card Issuing,Are you hiring fintech developers? Please share openings.,1,1.7,Rahul,Unqualified,,Unqualified
L-0790,2026-09-20 13:59:00,Website Contact Form,Arjun Brown,arjun237@tempinbox.example,Disposable,,,Japan,KYC Verification,hi,2,25.2,Rahul,Spam,,Spam
L-0791,2026-09-20 20:42:00,LinkedIn ABM,Sam Berg,sam.berg@freemail.example,Free,,,USA,Other,"Interested in learning about fintech, where do I start?",1,26.3,Neha,Unqualified,,Unqualified
L-0792,2026-09-21 03:13:00,Website Contact Form,Sofia Ivanova,sofia169@inboxly.example,Free,,,Japan,Other,"Partnership proposal for fintech influencer marketing campaign, 500k reach.",2,57.2,Unassigned,Spam,,Spam
L-0793,2026-09-21 04:36:00,Website Contact Form,Lina Tanaka,lina923@codewhistleoutsourcing.example,Company,Codewhistle Outsourcing,https://codewhistleoutsourcing.example,Canada,KYC Verification,"Partnership proposal for fintech influencer marketing campaign, 500k reach.",2,17.2,Unassigned,Spam,,Spam
L-0794,2026-09-21 05:44:00,Docs Signup,Arjun Novak,arjun.novak@webmail.example,Free,,,Switzerland,KYC Verification,Are you hiring fintech developers? Please share openings.,3,37.8,Rahul,Unqualified,,Unqualified
L-0795,2026-09-21 08:15:00,Pricing Page Form,Arjun Khan,arjun40@rankfarrowseoagency.example,Company,Rankfarrow SEO Agency,https://rankfarrowseoagency.example,Germany,Other,"Get your app listing on top review sites in 48 hours, guaranteed. Contact our listing agent.",2,,Unassigned,Spam,,Spam
L-0796,2026-09-22 06:18:00,Docs Signup,Omar Haddad,omar.haddad@freemail.example,Free,Vexmoor Studio,,India,Payments - Virtual Accounts,Evaluating virtual accounts providers for our BNPL app. Can we get a demo and a cost comparison?,10,11.5,Neha,Open,,Qualified+
L-0797,2026-09-22 22:38:00,Website Contact Form,Lucas Ivanova,lucas817@webmail.example,Free,,,Nigeria,Other,We offer premium SEO backlinks and guest post services for fintech websites. Reply for rates.,2,7.9,Vikram,,,Spam
L-0798,2026-09-23 05:05:00,Chat Widget,Ji-woo Nguyen,ji-woo.nguyen@letterdrop.example,Free,Rushbarrow Capital,,Nigeria,Payments - Cross-Border,"Migrating from another provider for our card program, need a quote this month.",6,11.5,Neha,Open,,Not qualified
L-0799,2026-09-23 07:30:00,Pricing Page Form,Ravi Tanaka,ravi.tanaka@inboxly.example,Free,,,UK,Banking Data API,Can I use your API for a personal budget tracker?,4,13.5,Neha,Unqualified,,Unqualified
L-0800,2026-09-23 20:10:00,LinkedIn ABM,Zara Nguyen,zara.nguyen@ferrowindcapital.example,Company,Ferrowind Capital,https://ferrowindcapital.example,Brazil,Payments - Virtual Accounts,Evaluating virtual accounts providers for our BNPL app. Can we get a demo and a cost comparison?,2,87.0,Rahul,Open,,Not qualified
